id_adres,panstwo,kod_pocztowy,poczta,miejscowosc,adres_zamieszkania
1,Polska,47-493,Titusville,Cicero,9371 Risus. Rd.
2,Polska,30-034,DeKalb,Athens,Ap #382-2954 Parturient Street
3,Polska,17-191,Tucson,Clarksville,1690 Nec Road
4,Polska,22-045,Memphis,Kalamazoo,609-2612 Enim, Avenue
5,Polska,97-220,Seaford,Natchitoches,572-9026 Magnis Avenue
6,Polska,54-017,West Memphis,Guayanilla,584-7547 Magna St.
7,Polska,99-284,Shawnee,Brown Deer,760-6619 Odio Rd.
8,Polska,23-926,Los Angeles,Burlington,P.O. Box 459, 7133 Adipiscing Avenue
9,Polska,17-731,Gaithersburg,Binghamton,994-7750 Nam Street
10,Polska,11-275,Wausau,Kona,971-9640 Elit Street
11,Polska,90-182,Midwest City,Naperville,808-4999 Cras Street
12,Polska,78-602,New Orleans,Saint Joseph,2157 Orci Ave
13,Polska,29-692,Bristol,Westfield,P.O. Box 416, 9571 Interdum. St.
14,Polska,39-572,Watertown,Moore,425-6543 Erat Rd.
15,Polska,69-407,Inglewood,Fort Lauderdale,9554 Elit, Road
16,Polska,50-971,Wichita Falls,Brigham City,P.O. Box 694, 1231 Nunc Street
17,Polska,26-602,Chelsea,Half Moon Bay,397-9421 Semper Av.
18,Polska,07-200,Dana Point,Wilkes-Barre,4263 Tempus, Street
19,Polska,48-551,Mesa,Corvallis,9941 Ornare Av.
20,Polska,80-119,Ypsilanti,Marlborough,Ap #135-1918 Sit Avenue
21,Polska,61-357,Phenix City,Lake Charles,770-6815 Sed St.
22,Polska,53-881,Pawtucket,Saukville,1423 Nonummy Ave
23,Polska,79-608,Edina,Avalon,P.O. Box 532, 4567 Arcu. Av.
24,Polska,91-913,El Paso,Walla Walla,P.O. Box 884, 6067 Auctor, Av.
25,Polska,35-433,Hayward,Kalamazoo,P.O. Box 129, 2407 Rutrum Road
26,Polska,30-322,San Juan Capistrano,Pasco,Ap #483-2905 Duis Avenue
27,Polska,83-265,Cedarburg,Egg Harbor,Ap #334-260 Euismod Ave
28,Polska,06-038,Bell Gardens,New York,4082 Est, St.
29,Polska,47-067,Philadelphia,Beloit,333-2372 Fusce Rd.
30,Polska,04-491,Chula Vista,Durant,1763 Lorem St.
31,Polska,67-229,Holyoke,Cincinnati,4171 Sociis Av.
32,Polska,46-155,Palos Verdes Estates,Wheeling,P.O. Box 325, 4048 Pellentesque Avenue
33,Polska,93-524,San Dimas,College Station,9004 Pede Road
34,Polska,68-281,Boulder City,Pittston,733-969 Nullam Rd.
35,Polska,83-072,Barre,Woonsocket,329-2899 Auctor St.
36,Polska,80-454,Huntsville,Houma,Ap #890-4578 A Street
37,Polska,75-038,Riverton,Joplin,563-4308 Placerat St.
38,Polska,55-158,Hannibal,Syracuse,272-8547 Neque Road
39,Polska,75-902,Santa Cruz,LaGrange,Ap #481-2826 Odio Road
40,Polska,28-043,Minneapolis,Shreveport,4965 Ipsum. St.
41,Polska,93-367,Ponce,Santa Barbara,556-4836 Rutrum Rd.
42,Polska,63-977,La Verne,Cleveland,P.O. Box 128, 1551 Morbi Ave
43,Polska,35-926,Vernon,Saipan,P.O. Box 280, 9660 Interdum Street
44,Polska,80-533,Baldwin Park,San Mateo,Ap #851-764 Integer Road
45,Polska,20-090,Belpre,Bossier City,P.O. Box 753, 3504 Vel Ave
46,Polska,05-926,Cape Coral,Crown Point,8260 Ultrices St.
47,Polska,58-661,Hampton,Kent,352-5305 Duis Rd.
48,Polska,53-690,Phoenix,Pascagoula,P.O. Box 376, 9415 Dapibus Ave
49,Polska,84-135,Troy,Chino Hills,7305 Eget Ave
50,Polska,81-117,North Little Rock,Highland Park,Ap #889-1235 Id St.
51,Polska,75-712,Woodruff,Kona,3694 Sed Av.
52,Polska,14-235,Wheaton,Brooklyn Park,544-9478 Volutpat Av.
53,Polska,91-322,Bentonville,Camden,Ap #285-134 Orci Av.
54,Polska,91-410,Gulfport,Mesa,5049 Vel, Av.
55,Polska,47-676,Temecula,Des Moines,918-1430 Magna. Av.
56,Polska,69-208,White Plains,Ephraim,375-1490 Pellentesque Avenue
57,Polska,46-664,Lubbock,Cedar Rapids,6615 Gravida. Street
58,Polska,96-855,Easton,Inglewood,931-9816 Sed Avenue
59,Polska,28-208,Port Washington,Holyoke,P.O. Box 710, 8372 Nec, St.
60,Polska,51-944,Redlands,Carbondale,P.O. Box 936, 9094 Laoreet Road
61,Polska,23-517,Lawton,Claremore,165-2330 Lorem Road
62,Polska,14-235,Temple City,Clairton,P.O. Box 601, 5787 Tincidunt St.
63,Polska,86-027,Vincennes,Columbia,1984 Accumsan Street
64,Polska,02-306,San Luis Obispo,Bellingham,Ap #155-2860 Cursus Avenue
65,Polska,09-410,Nashville,Pierre,639-7803 Facilisis Rd.
66,Polska,15-918,Portsmouth,Flint,Ap #837-5984 Sem. Avenue
67,Polska,48-434,Los Angeles,Palos Verdes Estates,P.O. Box 673, 4876 Urna, Rd.
68,Polska,73-027,Parma,Alhambra,9466 Pede St.
69,Polska,06-286,Turlock,Oakland,Ap #735-7647 Quis Road
70,Polska,92-446,Minot,Bremerton,315-5440 Purus Street
71,Polska,19-501,Manitowoc,West Palm Beach,P.O. Box 977, 8915 Suspendisse Street
72,Polska,16-141,Springdale,Dixon,Ap #653-7484 Enim. St.
73,Polska,27-951,Catskill,Biloxi,Ap #417-2027 Consectetuer St.
74,Polska,13-335,Fresno,Fargo,184-1170 Dui Avenue
75,Polska,23-230,Stillwater,Bremerton,P.O. Box 816, 7581 Velit. Rd.
76,Polska,18-025,Kennewick,Indianapolis,1039 Rhoncus. Ave
77,Polska,20-380,Seal Beach,Yakima,428-4788 Proin St.
78,Polska,32-558,Mount Pleasant,Half Moon Bay,P.O. Box 705, 9618 Elit, Ave
79,Polska,71-348,Burlington,Middlebury,602 Mauris St.
80,Polska,17-038,Guayanilla,Oswego,9353 Morbi Ave
81,Polska,27-562,Enfield,Springfield,Ap #181-6094 Ut Street
82,Polska,09-761,Vail,Nashua,296-4187 Ante St.
83,Polska,25-062,Woburn,McAlester,P.O. Box 199, 129 Mi Ave
84,Polska,39-955,Bayamon,Clemson,3543 Nulla St.
85,Polska,18-939,Gardena,Miami,P.O. Box 483, 1935 Et, Rd.
86,Polska,34-781,San Luis Obispo,Agawam,997 Eu St.
87,Polska,75-182,Compton,San Jose,Ap #601-6982 Lobortis Road
88,Polska,58-284,Hoboken,Frisco,Ap #435-6771 Magnis Av.
89,Polska,81-693,Oakland,Aurora,P.O. Box 906, 4776 Urna St.
90,Polska,36-073,Nogales,Kearns,Ap #764-9766 Netus Rd.
91,Polska,00-687,Youngstown,McAlester,P.O. Box 617, 4720 Metus St.
92,Polska,86-408,Hastings,Miami,Ap #970-3703 Non St.
93,Polska,24-271,West Bend,Rocky Mount,156-7867 Mauris St.
94,Polska,36-458,Wilson,Alameda,800-4300 Lobortis Rd.
95,Polska,83-699,Nenana,Fairfax,119-1363 Dolor St.
96,Polska,47-341,Hickory,Douglas,Ap #174-8151 Nec, Avenue
97,Polska,60-525,Fajardo,North Platte,418-5968 Consequat Rd.
98,Polska,86-891,Spokane Valley,Atlantic City,130-8000 Ante. Rd.
99,Polska,72-379,Jacksonville,Meriden,P.O. Box 772, 1006 Molestie Rd.
100,Polska,33-596,Taunton,Miami Beach,534-6550 Non Rd.
101,Polska,25-288,El Segundo,Palmdale,P.O. Box 439, 4532 At, Rd.
102,Polska,49-999,Providence,Auburn Hills,Ap #369-7916 Arcu St.
103,Polska,48-392,Slidell,New York,3773 Dui Road
104,Polska,21-086,Bay City,Enfield,P.O. Box 173, 4598 Nunc Rd.
105,Polska,18-459,Bell,Seattle,Ap #161-4985 Neque. Rd.
106,Polska,99-142,Whittier,San Luis Obispo,4308 Nibh St.
107,Polska,79-684,Tonawanda,Visalia,Ap #423-6131 Nulla St.
108,Polska,64-439,Brookfield,Juneau,606-4740 Sit St.
109,Polska,65-216,Brea,Montgomery,298-4237 Erat. St.
110,Polska,11-228,North Charleston,Sturgis,925-320 Sed St.
111,Polska,43-447,Arlington,Victoria,P.O. Box 533, 1948 Penatibus Rd.
112,Polska,20-533,Saint Louis,Pulaski,P.O. Box 795, 8203 Id, Avenue
113,Polska,66-379,Fairmont,Rancho Santa Margarita,P.O. Box 835, 3473 Quam Rd.
114,Polska,27-689,Champaign,Worcester,Ap #589-5567 Mollis. St.
115,Polska,32-022,Sioux Falls,Beacon,673-4301 Nunc Rd.
116,Polska,73-735,Myrtle Beach,Phoenix,653-2879 Pede. Road
117,Polska,56-571,Batavia,Eureka,742-6132 Nisi Street
118,Polska,17-562,Cicero,Biloxi,2956 Maecenas Rd.
119,Polska,14-998,Green Bay,Mequon,P.O. Box 648, 5941 Non Av.
120,Polska,26-870,Cypress,Lancaster,228-688 Non Road
121,Polska,43-148,Ames,Peoria,Ap #918-3087 Vitae, Rd.
122,Polska,04-386,Aguadilla,Las Cruces,710-6800 Nunc. Ave
123,Polska,51-294,Jersey City,Amesbury,P.O. Box 363, 5993 Risus. Ave
124,Polska,19-566,Lancaster,Williston,629-5575 Ultrices. Avenue
125,Polska,30-404,Cedar Rapids,Quincy,P.O. Box 952, 7211 Amet, Street
126,Polska,49-611,Trenton,San Antonio,993-5557 Sollicitudin Av.
127,Polska,89-273,Sierra Madre,Gardena,7726 Ac Avenue
128,Polska,39-532,Lynchburg,El Paso,P.O. Box 607, 1624 Vel, Avenue
129,Polska,34-963,Farrell,Palmdale,Ap #232-8980 Luctus St.
130,Polska,99-278,Aliquippa,Laguna Niguel,5369 Sed Avenue
131,Polska,14-714,Apple Valley,Pomona,P.O. Box 592, 838 Non Road
132,Polska,58-749,Hoover,Moline,Ap #174-901 Nulla Road
133,Polska,40-560,Manassas,Columbus,3892 Amet St.
134,Polska,40-004,Elko,Newcastle,306-2282 Ut Av.
135,Polska,46-720,Great Falls,Hattiesburg,674-4551 Enim Av.
136,Polska,51-671,Newburyport,Carson,P.O. Box 755, 526 Ridiculus Rd.
137,Polska,53-528,Riverside,Lowell,585-3874 Luctus Road
138,Polska,69-443,Bradford,Troy,Ap #692-4527 Nisi Street
139,Polska,17-080,Selma,South El Monte,840-9977 Molestie St.
140,Polska,13-246,San Clemente,Tamuning,781-935 Nunc Ave
141,Polska,46-971,Norton,Christiansted,251-4782 Diam Road
142,Polska,00-023,Seward,El Monte,Ap #104-8109 Ultrices St.
143,Polska,28-192,Sun Valley,Berkeley,P.O. Box 461, 7323 Ridiculus Rd.
144,Polska,75-018,El Cerrito,Niagara Falls,Ap #265-6667 Sem Street
145,Polska,44-169,Claremore,Johnson City,Ap #324-2975 Molestie. St.
146,Polska,43-993,Haverhill,Paramount,2785 Eget Avenue
147,Polska,70-963,Marshfield,Tacoma,232-6215 Leo. Avenue
148,Polska,23-053,Murfreesboro,San Clemente,P.O. Box 679, 9613 Magna St.
149,Polska,50-669,Indianapolis,Torrington,4336 Vitae Rd.
150,Polska,73-373,Newton,Tempe,P.O. Box 100, 4542 Dui. Avenue
151,Polska,55-226,Green Bay,Truth or Consequences,2151 Ut Av.
152,Polska,48-636,Bayamon,Concord,Ap #414-5662 Nunc Av.
153,Polska,89-488,Ocean City,Schaumburg,617-5003 Rhoncus. Street
154,Polska,09-357,Fulton,San Juan Capistrano,710-8171 Adipiscing. St.
155,Polska,48-834,Cruz Bay,Staunton,175-892 Mauris St.
156,Polska,99-413,Youngstown,Perth Amboy,P.O. Box 924, 7179 Montes, Avenue
157,Polska,47-061,Parker,Jackson,910-9548 Ac Rd.
158,Polska,47-260,Fort Wayne,Rockville,P.O. Box 309, 5224 Metus St.
159,Polska,19-800,Rolling Hills,Sault Ste. Marie,409 Est. Rd.
160,Polska,54-410,Rancho Palos Verdes,Bloomington,2294 Dui Street
161,Polska,99-569,Rancho Cucamonga,Sonoma,P.O. Box 212, 1081 Mauris Street
162,Polska,11-895,Gilette,Rensselaer,P.O. Box 145, 1296 Lectus. Avenue
163,Polska,27-220,Bell Gardens,Lodi,P.O. Box 623, 9700 Risus. St.
164,Polska,74-104,Fayetteville,Buena Park,4991 Vestibulum. Road
165,Polska,93-252,Lancaster,Northampton,620-560 Diam Ave
166,Polska,46-536,Moraga,Washington,813-3789 Tellus. Road
167,Polska,80-435,Laguna Woods,Stockton,P.O. Box 202, 417 Et Av.
168,Polska,57-331,Williston,Hoover,9920 Id Rd.
169,Polska,25-998,Florence,Philadelphia,7523 Luctus St.
170,Polska,43-238,Albuquerque,La Cañada Flintridge,P.O. Box 722, 4454 Mi St.
171,Polska,38-475,Atlantic City,Rawlins,495-2331 Amet, Street
172,Polska,17-948,Pittston,Chicopee,713-8238 Nascetur St.
173,Polska,31-741,Kenner,Tamuning,433-8457 Id, Street
174,Polska,31-363,San Gabriel,Tempe,9501 Dictum Rd.
175,Polska,35-175,Little Rock,Highland Park,Ap #180-3450 Eu Avenue
176,Polska,75-228,Lower Burrell,Orem,693 Semper Av.
177,Polska,51-836,Healdsburg,Corvallis,Ap #777-4663 Iaculis Ave
178,Polska,22-851,Hawthorne,Norton,P.O. Box 736, 3904 Felis. St.
179,Polska,02-070,Sedalia,Scarborough,Ap #984-6692 Et, Avenue
180,Polska,01-388,Barrow,Egg Harbor,P.O. Box 708, 4650 Nam Street
181,Polska,43-955,Oklahoma City,West Springfield,P.O. Box 375, 9545 Turpis Av.
182,Polska,81-587,Malden,Lake Forest,6369 Metus. Ave
183,Polska,68-871,Agawam,Hornell,Ap #599-761 Amet Rd.
184,Polska,22-070,Aspen,Bessemer,P.O. Box 626, 6838 Nunc Av.
185,Polska,91-188,Waltham,Kokomo,228-9227 Pellentesque Ave
186,Polska,35-582,Bethlehem,Utica,2699 Neque. Street
187,Polska,39-348,Menomonee Falls,Aliquippa,P.O. Box 717, 3694 Arcu. Rd.
188,Polska,96-833,City of Industry,Littleton,P.O. Box 864, 3814 Ligula. Rd.
189,Polska,39-272,Des Moines,Baltimore,137-672 Ante St.
190,Polska,90-541,Erie,South Gate,Ap #527-3032 Ullamcorper Avenue
191,Polska,89-630,La Verne,Reedsport,P.O. Box 199, 6305 Ligula. Road
192,Polska,21-245,Everett,Manhattan,P.O. Box 990, 5178 Et, Road
193,Polska,38-625,Bozeman,Moraga,P.O. Box 741, 1054 Lacinia St.
194,Polska,64-404,Manchester,Peoria,2299 Vulputate Ave
195,Polska,22-775,Stockton,Redondo Beach,Ap #721-5516 Habitant Street
196,Polska,07-148,Gettysburg,Cary,Ap #447-756 Mauris St.
197,Polska,09-786,Pendleton,Barrow,6072 Fames Avenue
198,Polska,46-359,Vergennes,Cranston,P.O. Box 652, 4411 Molestie St.
199,Polska,89-589,Clairton,Denver,P.O. Box 795, 1011 Duis Street
200,Polska,74-153,West Memphis,Corona,Ap #406-5752 Felis Rd.
201,Polska,45-045,Oshkosh,Tyler,339-5670 Bibendum Rd.
202,Polska,64-596,Grass Valley,Alameda,P.O. Box 978, 1919 Ligula. Av.
203,Polska,11-077,Grass Valley,Galesburg,694-4510 Nulla Avenue
204,Polska,05-860,Cape Girardeau,Dayton,6345 Dignissim Rd.
205,Polska,21-669,San Marino,Newark,1611 Suspendisse Avenue
206,Polska,65-597,Hornell,Guayanilla,940-7145 Diam. Av.
207,Polska,09-827,Lahaina,Berlin,P.O. Box 977, 3937 Quisque Ave
208,Polska,17-036,Saratoga Springs,Laughlin,3320 Dui, Street
209,Polska,03-632,Beverly,Gary,807-4343 Commodo St.
210,Polska,02-530,Rapid City,Glendale,P.O. Box 460, 2675 Nullam Avenue
211,Polska,72-715,Rancho Cucamonga,Knoxville,P.O. Box 967, 3560 Enim St.
212,Polska,22-236,Bend,Sandpoint,997-3461 Dolor, Road
213,Polska,03-794,Cambridge,Diamond Bar,3654 Orci Road
214,Polska,87-848,West Hollywood,International Falls,Ap #526-5539 Nec, St.
215,Polska,35-398,Olean,West Allis,961-6789 Orci Ave
216,Polska,70-994,Texas City,Franklin,P.O. Box 779, 4402 Nunc Rd.
217,Polska,01-628,Bismarck,Santa Fe Springs,P.O. Box 231, 5362 Ipsum. Rd.
218,Polska,80-753,Port Washington,Concord,P.O. Box 148, 2376 Ut Av.
219,Polska,93-554,Farmington,Ann Arbor,Ap #845-3420 Non Rd.
220,Polska,76-537,Palm Springs,Tustin,Ap #213-1579 Non Ave
221,Polska,33-214,Fort Lauderdale,Isle of Palms,9986 Sem Ave
222,Polska,12-077,Orem,Mesa,P.O. Box 612, 7770 Egestas Road
223,Polska,92-650,Great Falls,Pottsville,P.O. Box 473, 9253 Sem Ave
224,Polska,47-383,Florence,Stillwater,2802 Luctus. Rd.
225,Polska,25-829,Anaconda,Stafford,P.O. Box 469, 6059 Orci St.
226,Polska,17-324,Hackensack,Phenix City,788-6922 A, Av.
227,Polska,80-536,Kemmerer,New York,231-9551 Nullam St.
228,Polska,40-641,Blythe,Berlin,554-3590 Vestibulum Av.
229,Polska,72-756,Mason City,Escondido,7729 Pellentesque Rd.
230,Polska,22-302,South Bend,Cudahy,P.O. Box 924, 7982 Curae; Street
231,Polska,30-858,Everett,Baltimore,993-6356 Dui St.
232,Polska,85-921,Rawlins,Baton Rouge,465-3003 Velit St.
233,Polska,36-568,Kansas City,Inglewood,730-3253 Turpis Rd.
234,Polska,57-560,Manhattan Beach,Durham,P.O. Box 251, 2027 Phasellus St.
235,Polska,82-596,Waterloo,Council Bluffs,Ap #642-3950 Lorem Rd.
236,Polska,10-563,Dubuque,Waterloo,546-136 Nulla. Avenue
237,Polska,07-809,Azusa,El Segundo,7095 Risus. Street
238,Polska,97-993,North Chicago,Meridian,Ap #310-4409 Neque Av.
239,Polska,84-374,St. Marys,East Hartford,3649 Sit Av.
240,Polska,98-426,Pawtucket,Akron,3171 Lacus. Rd.
241,Polska,60-917,Rolla,Provo,Ap #511-5789 Non, St.
242,Polska,39-464,Fontana,Nashua,Ap #257-4482 Facilisis Street
243,Polska,18-455,Cortland,Tupelo,2836 Dolor Street
244,Polska,06-098,Nashville,Kalispell,838-5756 Neque. Avenue
245,Polska,71-153,Palo Alto,Poughkeepsie,Ap #325-4710 Integer Av.
246,Polska,14-327,Decatur,Liberal,720-6580 Ut Av.
247,Polska,11-004,Statesboro,North Charleston,8262 Duis Avenue
248,Polska,34-513,Camden,Homer,2068 Porta Street
249,Polska,45-492,El Segundo,Kennesaw,Ap #169-9628 Non, Avenue
250,Polska,65-828,Santa Fe Springs,Bellflower,Ap #303-2992 Montes, St.
251,Polska,93-675,Manhattan Beach,West Jordan,987-3453 Fusce St.
252,Polska,64-259,Hammond,Manchester,879-8008 Nulla. Avenue
253,Polska,19-435,Plano,Naperville,271-6528 Varius St.
254,Polska,81-685,Paducah,Dothan,Ap #761-1036 Est, St.
255,Polska,82-786,Minneapolis,Newport News,P.O. Box 176, 232 Etiam Rd.
256,Polska,86-489,Norman,Manchester,P.O. Box 720, 3149 Dui, Av.
257,Polska,89-494,Cypress,Birmingham,1746 Pharetra. Rd.
258,Polska,03-788,Tulsa,Weirton,Ap #395-6012 A Ave
259,Polska,69-147,Glens Falls,Boise,P.O. Box 580, 2305 Sed, Street
260,Polska,47-382,Branson,Wichita Falls,1833 Nec, Rd.
261,Polska,36-123,Rolling Hills,McAllen,Ap #200-7829 Amet, Road
262,Polska,24-836,Tonawanda,Sonoma,Ap #292-1793 Sit Road
263,Polska,83-117,Two Rivers,Fond du Lac,397-9715 Sed Rd.
264,Polska,18-953,Bell Gardens,Goose Creek,P.O. Box 950, 2080 Cras Rd.
265,Polska,17-143,Fresno,Ocean City,3246 Phasellus Rd.
266,Polska,47-652,Atlantic City,Steubenville,Ap #293-7904 Id Street
267,Polska,12-178,Grass Valley,Philadelphia,198-9441 Lacus. Rd.
268,Polska,84-500,Hilo,Hazleton,195 Molestie St.
269,Polska,30-862,New Britain,South Gate,P.O. Box 263, 4873 Mollis. Ave
270,Polska,95-199,Orangeburg,Basin,579-5959 Vulputate, Rd.
271,Polska,59-900,Westminster,Annapolis,337 Fringilla St.
272,Polska,25-832,Agoura Hills,Lima,P.O. Box 913, 8989 Ipsum Avenue
273,Polska,05-991,Kalispell,Layton,696-9957 Neque Avenue
274,Polska,46-086,Valparaiso,Somersworth,Ap #289-6800 Commodo Road
275,Polska,77-467,Fort Wayne,Midwest City,Ap #746-9757 Diam. Av.
276,Polska,92-696,Gatlinburg,Warren,8692 Augue Avenue
277,Polska,58-743,Jamestown,Pendleton,452-8121 Adipiscing St.
278,Polska,16-385,Topeka,New Britain,2249 Libero. Av.
279,Polska,84-574,Lodi,Pierre,Ap #166-5783 Diam St.
280,Polska,84-286,Orlando,Erie,8281 Tellus Av.
281,Polska,65-730,Moore,Cape May,Ap #874-1345 Enim, Road
282,Polska,03-844,Huntington Park,Lubbock,P.O. Box 367, 1869 Tincidunt Street
283,Polska,69-417,Janesville,Waco,Ap #799-767 Sodales Avenue
284,Polska,29-364,Duarte,Richmond,Ap #112-726 Donec Rd.
285,Polska,95-025,Holyoke,Knoxville,3122 Mauris Road
286,Polska,13-253,Tok,Hammond,777-7609 Integer St.
287,Polska,79-535,Beverly,Guánica,7599 Donec St.
288,Polska,34-176,Logan,Plattsburgh,P.O. Box 255, 2240 Fringilla, Rd.
289,Polska,30-572,St. Marys,Laguna Niguel,521-9721 Elit, Rd.
290,Polska,05-376,Daly City,Laughlin,Ap #785-2818 Sed, Rd.
291,Polska,14-275,Hermitage,Woonsocket,Ap #619-6539 Sem Rd.
292,Polska,40-605,Bentonville,Ansonia,379-2595 Mauris Rd.
293,Polska,57-224,Williston,Lawrenceville,Ap #410-9571 Magna. Rd.
294,Polska,03-858,Holyoke,Clovis,3850 Cum Road
295,Polska,98-455,Rocky Mount,Spokane,Ap #972-5496 Eget Street
296,Polska,09-063,Rancho Cucamonga,Aberdeen,245-3510 Velit. Av.
297,Polska,25-559,Frisco,Wahoo,548-6916 Vel, St.
298,Polska,03-449,Inglewood,Williamsburg,P.O. Box 762, 7508 Aliquam Road
299,Polska,77-050,Eau Claire,Truth or Consequences,870-8116 Morbi Av.
300,Polska,77-791,El Paso,New Haven,P.O. Box 692, 6172 Luctus Rd.
301,Polska,46-686,Jenks,Monterey,Ap #947-2424 Velit. St.
302,Polska,98-572,Hollister,Meridian,946-3181 Duis St.
303,Polska,55-516,Corona,Sault Ste. Marie,Ap #929-4771 Orci. Av.
304,Polska,95-811,San Rafael,Glendale,8536 Egestas Rd.
305,Polska,92-494,Provo,Stillwater,366-5162 Ipsum. Street
306,Polska,04-313,Sheridan,Bandon,Ap #687-8702 Duis Ave
307,Polska,74-280,Bend,Peoria,P.O. Box 937, 7857 Tortor. Road
308,Polska,87-512,Sierra Vista,Norwalk,4030 Conubia Street
309,Polska,68-445,Alameda,Bradbury,Ap #680-5846 Odio Ave
310,Polska,67-260,Hartland,Moore,445-3395 Habitant St.
311,Polska,62-985,West Hartford,El Paso,Ap #686-3339 Adipiscing Ave
312,Polska,77-743,Indio,Auburn Hills,646-2040 Ac, St.
313,Polska,61-085,Jeannette,Darlington,P.O. Box 137, 2000 Odio. Rd.
314,Polska,13-390,Auburn Hills,Dothan,P.O. Box 290, 1184 Elit Av.
315,Polska,42-055,Oxnard,Reno,1575 Torquent Av.
316,Polska,42-368,Minneapolis,Oakland,4473 Orci Ave
317,Polska,69-487,Fallon,Stillwater,274-4673 Lacus. Road
318,Polska,87-150,Ypsilanti,Hagerstown,Ap #592-479 Nunc Road
319,Polska,41-648,North Tonawanda,Valparaiso,393-3573 Lectus Rd.
320,Polska,61-204,Laredo,Meridian,Ap #892-2879 Tellus. Street
321,Polska,62-418,Alameda,Charlottesville,7305 Lorem, St.
322,Polska,94-641,Barrow,Rensselaer,7532 Ante Ave
323,Polska,84-237,Las Vegas,Biddeford,8447 Facilisis, Ave
324,Polska,28-620,Twin Falls,Greenville,435-2929 Lorem, Rd.
325,Polska,74-349,Boise,Irving,9302 Donec Avenue
326,Polska,35-441,Clemson,Corinth,P.O. Box 688, 6398 Laoreet Road
327,Polska,15-901,Fort Lauderdale,Hidden Hills,8301 Hendrerit St.
328,Polska,58-995,Statesboro,Rolla,868-6302 Odio St.
329,Polska,40-844,Two Rivers,Bremerton,Ap #156-607 Magna St.
330,Polska,83-434,Fort Wayne,College Park,P.O. Box 863, 6345 Nunc St.
331,Polska,96-019,Vergennes,Sandy,Ap #852-3967 Ligula. Avenue
332,Polska,59-456,Manassas,New Rochelle,P.O. Box 856, 3025 Egestas Avenue
333,Polska,30-241,Baton Rouge,Brownsville,P.O. Box 349, 5955 Sed Ave
334,Polska,10-906,Santa Monica,Kona,8043 Curae; Ave
335,Polska,34-483,Laredo,Peoria,Ap #860-3400 Consectetuer Av.
336,Polska,89-495,Norman,Derby,227-8171 Purus. Ave
337,Polska,09-227,Concord,Atlanta,931-9733 Magna Rd.
338,Polska,96-673,Kent,Calumet City,Ap #222-9331 Nec, Road
339,Polska,23-196,DuBois,Salem,P.O. Box 924, 8975 Magnis St.
340,Polska,29-984,Thomasville,Springdale,245-8430 Ac, Rd.
341,Polska,92-028,Chicago Heights,Coral Springs,141-2089 Iaculis Rd.
342,Polska,58-878,San Marino,Newport Beach,Ap #100-1816 Dolor Ave
343,Polska,48-593,Pittston,Sioux City,4907 Nonummy. Avenue
344,Polska,80-695,Winooski,Yakima,6356 Nec Rd.
345,Polska,26-488,Clovis,Lakeland,6683 Purus Road
346,Polska,89-957,Corpus Christi,Mount Pleasant,715-3734 Nec Ave
347,Polska,32-339,Stevens Point,Corpus Christi,571 Convallis St.
348,Polska,97-245,Montpelier,Kalamazoo,238-844 Augue Rd.
349,Polska,13-680,Buena Park,McAlester,7540 Urna Rd.
350,Polska,87-603,Rancho Palos Verdes,Worland,Ap #693-2159 Eleifend, Ave
351,Polska,12-637,Aurora,Manhattan Beach,4657 Elit Street
352,Polska,19-563,Blacksburg,Ithaca,P.O. Box 724, 994 Semper Avenue
353,Polska,54-091,Roswell,Olympia,285 Mauris Avenue
354,Polska,36-084,Frankfort,Rock Island,Ap #506-641 Erat Road
355,Polska,05-405,Olympia,Sacramento,P.O. Box 734, 2317 Malesuada Street
356,Polska,34-874,Salisbury,Rochester,6591 Dolor Road
357,Polska,81-465,Billings,Carolina,Ap #164-1735 Nullam St.
358,Polska,27-989,Carrollton,Menomonee Falls,P.O. Box 154, 2476 Cursus. Rd.
359,Polska,48-922,Schenectady,Torrington,766-4946 Accumsan Avenue
360,Polska,38-045,Chesapeake,Ocean City,Ap #656-8430 Etiam Av.
361,Polska,71-021,Berlin,LaGrange,902-1740 Montes, Avenue
362,Polska,27-221,West Springfield,Portland,9852 Tellus. Av.
363,Polska,39-618,Dearborn,San Dimas,7138 Eu Avenue
364,Polska,11-767,Port Orford,Brookfield,524-1102 Nascetur Av.
365,Polska,65-030,Trenton,Cedarburg,P.O. Box 724, 4706 Vitae, Street
366,Polska,99-268,Crown Point,Gulfport,P.O. Box 724, 1493 Et Road
367,Polska,88-872,Fernley,South Gate,1737 Felis Av.
368,Polska,98-391,Ithaca,Pembroke Pines,Ap #841-353 Enim Road
369,Polska,40-353,Marshall,Dana Point,P.O. Box 410, 1569 Mus. Road
370,Polska,26-905,Turlock,Dalton,Ap #499-8219 Sit Ave
371,Polska,91-337,Dallas,Grand Rapids,Ap #765-6309 Mauris Street
372,Polska,29-169,Lexington,Scottsdale,2592 In St.
373,Polska,67-404,Yazoo City,Marietta,Ap #682-2663 Diam Avenue
374,Polska,48-661,Gloucester,Hampton,894-2862 Donec Rd.
375,Polska,33-055,Urbana,Rochester,P.O. Box 320, 811 Turpis Rd.
376,Polska,27-314,Williston,Idabel,P.O. Box 534, 9429 Purus. Av.
377,Polska,38-691,Miami,DuBois,977-4555 Scelerisque, Avenue
378,Polska,27-689,Spartanburg,West Springfield,382-846 Sodales. Rd.
379,Polska,27-917,Inglewood,Auburn Hills,Ap #149-4381 Donec Street
380,Polska,22-926,Tallahassee,Orangeburg,801-5647 Lacus, Rd.
381,Polska,17-770,Astoria,Sharon,4034 Enim, Ave
382,Polska,41-454,Chickasha,North Pole,7709 Cursus Road
383,Polska,65-634,Eatontown,Moultrie,Ap #989-5454 Lorem Av.
384,Polska,40-523,Gloucester,Avalon,P.O. Box 236, 4302 Pretium Av.
385,Polska,63-057,Alameda,Fajardo,7321 Eget Rd.
386,Polska,01-330,Arlington,Fargo,212-7891 Praesent Rd.
387,Polska,64-833,Bangor,Lander,7947 Ante Ave
388,Polska,25-859,Hidden Hills,Kearney,Ap #106-7432 Commodo Road
389,Polska,60-015,Glendale,Fort Wayne,1661 Gravida Avenue
390,Polska,20-277,Vallejo,Mesa,P.O. Box 450, 6584 Ligula St.
391,Polska,07-072,Quincy,Roanoke,9849 Eu, Road
392,Polska,53-386,Eufaula,Newburyport,Ap #119-3275 Fermentum Rd.
393,Polska,49-800,Winooski,Laguna Niguel,P.O. Box 855, 7902 Suspendisse St.
394,Polska,45-549,Glendale,Houston,Ap #403-3222 Molestie Rd.
395,Polska,99-156,Cedar Falls,Tallahassee,2437 Turpis St.
396,Polska,17-797,West Jordan,Riverside,194-8357 Cursus Road
397,Polska,24-271,West Memphis,Bend,P.O. Box 590, 5190 Facilisis Avenue
398,Polska,66-387,Cedarburg,Binghamton,8632 Lobortis Av.
399,Polska,67-621,Walnut,Gallup,2484 Tortor. St.
400,Polska,98-102,Chattanooga,Azusa,Ap #574-713 Ut Ave
401,Polska,63-262,Binghamton,Lawrence,P.O. Box 755, 9615 Odio. Ave
402,Polska,46-248,Aurora,Oneonta,8013 Pellentesque, Avenue
403,Polska,20-806,Muskogee,Missoula,9558 Congue, St.
404,Polska,81-032,San Dimas,Newburgh,P.O. Box 668, 429 Aliquam Ave
405,Polska,44-012,Ypsilanti,Winooski,9280 Mollis. St.
406,Polska,26-584,Pueblo,Philadelphia,4313 Egestas Rd.
407,Polska,90-260,Westlake Village,Orange,P.O. Box 237, 870 Tempus, Avenue
408,Polska,24-025,Evansville,Dalton,9628 Diam Rd.
409,Polska,33-606,Fort Worth,Sugar Land,3466 Sit Street
410,Polska,99-356,Fort Collins,Port St. Lucie,2200 Lorem Road
411,Polska,41-773,Chester,El Monte,Ap #644-8117 Adipiscing. St.
412,Polska,63-154,Janesville,Lafayette,167-9512 Fermentum Road
413,Polska,03-687,Newburgh,Bangor,9460 Eu Av.
414,Polska,19-240,Selma,Bethlehem,985-312 Proin Rd.
415,Polska,84-457,Vergennes,Orangeburg,P.O. Box 444, 8308 Dignissim Avenue
416,Polska,70-808,Ontario,West Hollywood,P.O. Box 533, 6577 Consectetuer Rd.
417,Polska,95-549,Lodi,Lima,3703 Odio. Avenue
418,Polska,69-038,Bell,Saint Paul,6145 Ipsum Av.
419,Polska,85-285,Suffolk,Yuma,6449 Odio Rd.
420,Polska,04-559,Hartford,La Mirada,P.O. Box 873, 7654 Lobortis Ave
421,Polska,57-834,Pittsfield,Bossier City,Ap #429-4215 Nonummy Rd.
422,Polska,22-437,Hudson,Zanesville,Ap #419-8290 Nonummy Av.
423,Polska,98-779,Normal,La Mirada,829-8763 Felis Road
424,Polska,99-955,Gilbert,Ypsilanti,311-3365 Tincidunt Rd.
425,Polska,82-168,Lawrenceville,Lomita,545-2771 Erat Street
426,Polska,99-732,Monrovia,Colorado Springs,P.O. Box 851, 874 Molestie. Rd.
427,Polska,48-902,Columbus,Hilo,Ap #761-2601 Sed, Road
428,Polska,02-035,McAllen,Mount Vernon,778-7583 Donec Rd.
429,Polska,99-040,South Bend,Lima,676-9202 Sapien, Ave
430,Polska,60-905,Pomona,Gadsden,899-4816 Tempor Avenue
431,Polska,94-948,Oxnard,Chino Hills,P.O. Box 275, 7100 Ligula Rd.
432,Polska,06-261,Vineland,New Kensington,Ap #869-5173 Et Avenue
433,Polska,31-025,Weymouth,Radford,Ap #873-2938 Nulla. Rd.
434,Polska,30-092,Eau Claire,North Tonawanda,9225 Fermentum Avenue
435,Polska,08-588,Cape Coral,Reading,4214 Ac Road
436,Polska,64-349,Sheboygan,Bellingham,809-1868 Nunc St.
437,Polska,39-492,High Point,Utica,6785 Massa. Rd.
438,Polska,36-819,Duluth,Anaconda,765-3645 Lobortis Avenue
439,Polska,35-416,Sheridan,Vincennes,3069 Convallis St.
440,Polska,11-602,Cicero,Slidell,777-6471 Nibh Rd.
441,Polska,39-679,Carson,Las Cruces,P.O. Box 750, 6607 Libero Rd.
442,Polska,75-567,Lomita,Truth or Consequences,Ap #936-9122 Ultrices. Rd.
443,Polska,77-822,Nenana,Waltham,Ap #412-5430 Leo, Rd.
444,Polska,78-828,Merced,Urbana,Ap #300-8267 Eget St.
445,Polska,01-667,New Rochelle,Michigan City,786-6116 Enim Road
446,Polska,07-263,Methuen,City of Industry,P.O. Box 367, 2779 A, Road
447,Polska,52-867,Brookings,Laramie,P.O. Box 431, 9505 In Street
448,Polska,79-413,Cody,San Luis Obispo,P.O. Box 105, 1929 Integer Av.
449,Polska,51-291,Malibu,Davis,P.O. Box 447, 4510 Luctus Ave
450,Polska,28-140,Marietta,International Falls,336 Ut Rd.
451,Polska,80-818,Selma,Columbia,379-3438 Nam Road
452,Polska,58-525,Owensboro,Olean,Ap #260-3682 At Avenue
453,Polska,57-741,Nevada City,Jeannette,P.O. Box 244, 5301 Non, Rd.
454,Polska,03-647,Valencia,San Juan,571-3286 Augue. Ave
455,Polska,01-397,Lower Burrell,Fairbanks,P.O. Box 704, 4038 Sapien Street
456,Polska,60-323,Mayagüez,Scranton,879-6018 Suspendisse Av.
457,Polska,36-810,Hawaiian Gardens,Jamestown,9524 Risus. Rd.
458,Polska,22-254,Farmington,Costa Mesa,347-2605 Accumsan Avenue
459,Polska,68-007,Littleton,Valparaiso,Ap #233-9513 Justo Av.
460,Polska,55-360,Cape Coral,Monongahela,8733 Rhoncus. Road
461,Polska,90-080,Hawthorne,Benton Harbor,3903 Diam. St.
462,Polska,05-898,Rancho Palos Verdes,Monongahela,P.O. Box 606, 693 Dolor Ave
463,Polska,76-139,Nampa,Clairton,937-3172 Cursus Rd.
464,Polska,33-363,Evansville,Ansonia,4025 Tincidunt, Av.
465,Polska,76-983,Carrollton,Half Moon Bay,P.O. Box 627, 2980 Mauris Avenue
466,Polska,91-486,Rancho Palos Verdes,Saint Albans,P.O. Box 453, 7111 Curabitur St.
467,Polska,46-785,Norton,Covina,P.O. Box 196, 6289 Pede, Street
468,Polska,34-024,Narragansett,Marietta,3138 Est, Av.
469,Polska,47-047,Chicago,Taunton,Ap #317-3835 Sit Rd.
470,Polska,08-541,Rocky Mount,Louisville,8247 Nonummy St.
471,Polska,34-489,Dana Point,South Burlington,Ap #379-1971 Ultrices Ave
472,Polska,34-080,Newark,Caguas,P.O. Box 100, 1364 In Ave
473,Polska,17-698,Newburgh,Seaford,P.O. Box 102, 178 Eros St.
474,Polska,48-214,Menomonee Falls,Greensburg,720-700 Nonummy St.
475,Polska,08-478,Lakewood,Topeka,Ap #115-831 A, Street
476,Polska,18-220,Derby,Easton,743-5112 Proin St.
477,Polska,00-304,Aberdeen,Butler,Ap #379-6452 Iaculis Av.
478,Polska,02-637,Paramount,Holyoke,Ap #240-6057 Enim. Rd.
479,Polska,84-199,Stevens Point,Joliet,Ap #110-4344 Non, Avenue
480,Polska,71-957,Evansville,Cortland,1442 Eu Rd.
481,Polska,25-510,Cedarburg,Fond du Lac,Ap #828-9220 Aenean Avenue
482,Polska,66-356,Boulder,Moline,Ap #109-4088 At, Av.
483,Polska,42-627,La Verne,Hot Springs,1608 Et St.
484,Polska,00-470,Chicago,Mankato,P.O. Box 409, 3459 Elit. Ave
485,Polska,84-982,Newark,Sugar Land,P.O. Box 363, 3411 Velit. St.
486,Polska,97-797,Ontario,Bowie,Ap #597-8066 Feugiat Ave
487,Polska,70-742,Carson,Sharon,Ap #976-8684 Odio. Rd.
488,Polska,38-540,South Gate,Rye,Ap #902-3803 Leo. Rd.
489,Polska,19-295,Rock Springs,Plano,Ap #769-1434 Risus Av.
490,Polska,65-223,Deadwood,Biloxi,Ap #202-829 Et St.
491,Polska,48-013,Two Rivers,Lake Charles,Ap #509-4516 Mattis. Avenue
492,Polska,41-726,Kenner,Indio,Ap #571-3386 Massa. St.
493,Polska,86-092,Butte,Annapolis,P.O. Box 865, 4021 Nulla St.
494,Polska,93-980,Huntington Park,Fontana,P.O. Box 746, 2350 Est Rd.
495,Polska,41-547,Bandera,Sandy,6299 Lectus. Rd.
496,Polska,99-669,Perth Amboy,Manassas,2949 Libero Rd.
497,Polska,48-672,Eden Prairie,Sanford,231-241 Lacus. Rd.
498,Polska,79-056,Rancho Cordova,Garland,900-3382 Dolor Rd.
499,Polska,25-852,Plantation,Sheboygan,Ap #573-8601 In Rd.
500,Polska,73-825,Amesbury,Evanston,830-5731 Enim, Avenue
501,Polska,01-874,Phoenix,Beaver Falls,1538 In Street
502,Polska,56-921,Liberal,Rohnert Park,P.O. Box 934, 5445 Aliquam Street
503,Polska,69-899,Chicopee,Saginaw,2864 Lorem Street
504,Polska,93-909,Eau Claire,Wilmington,Ap #132-104 Diam. Ave
505,Polska,85-788,South Portland,San Bernardino,Ap #249-4812 Ultricies Rd.
506,Polska,63-215,Chicago,High Point,648-3945 Malesuada. Rd.
507,Polska,65-431,Latrobe,Hickory,P.O. Box 872, 8277 Dolor St.
508,Polska,96-153,Gloversville,Worland,P.O. Box 207, 2556 Ullamcorper. Ave
509,Polska,35-888,Irvine,Eden Prairie,Ap #885-2056 Felis. St.
510,Polska,12-124,Barre,Aspen,P.O. Box 923, 876 Neque Ave
511,Polska,59-021,Culver City,Laguna Woods,466-5898 Nullam Ave
512,Polska,66-063,Waycross,Tok,P.O. Box 801, 6144 Vestibulum St.
513,Polska,18-080,Vicksburg,Villa Park,P.O. Box 824, 9705 Id, Av.
514,Polska,22-595,Vacaville,Marietta,Ap #953-9560 Dictum Rd.
515,Polska,58-579,Fort Collins,Hartford,940-1553 Odio. St.
516,Polska,38-718,Marietta,Bristol,Ap #152-3725 Sed Av.
517,Polska,55-611,Milford,Bell,Ap #559-3495 Dui, Road
518,Polska,88-402,Guthrie,Chickasha,7165 Non St.
519,Polska,14-822,Kansas City,Enid,2227 Suscipit, Avenue
520,Polska,00-718,Columbus,Rochester,Ap #283-9585 Nunc Rd.
521,Polska,64-380,Mayagüez,Portland,P.O. Box 621, 8580 Ipsum. Rd.
522,Polska,30-199,Yazoo City,Cohoes,2565 Aenean St.
523,Polska,81-016,Olean,Highland Park,9608 Cum Street
524,Polska,18-586,Catskill,Albuquerque,327-1366 Cubilia Avenue
525,Polska,32-153,Cincinnati,Lima,Ap #631-2246 Cursus St.
526,Polska,32-695,La Habra,Waltham,635-207 Arcu. Road
527,Polska,56-259,Lewiston,Plattsburgh,8740 Ligula Ave
528,Polska,09-360,Anaconda,Eden Prairie,Ap #865-3387 At, Road
529,Polska,03-286,Plantation,Hope,P.O. Box 930, 8682 Montes, Street
530,Polska,94-531,Houston,Costa Mesa,Ap #920-4321 Mollis Road
531,Polska,51-696,Madison,Everett,Ap #595-5088 Nulla Av.
532,Polska,29-159,Bremerton,Indianapolis,2777 Sollicitudin Rd.
533,Polska,63-497,Aurora,Somerville,P.O. Box 895, 5935 Eu Rd.
534,Polska,64-842,Jackson,Wynne,9292 Velit Ave
535,Polska,28-068,Middlebury,New Orleans,P.O. Box 612, 1907 Sit Street
536,Polska,76-002,Athens,Texas City,744-1719 Habitant Ave
537,Polska,51-128,Billings,Cranston,P.O. Box 705, 8007 Dolor Avenue
538,Polska,82-803,La Palma,Douglas,189-3429 Arcu. St.
539,Polska,39-102,Torrance,Concord,186-8527 Eu St.
540,Polska,43-845,Middletown,Covina,P.O. Box 465, 1672 Rutrum Av.
541,Polska,56-269,Greensboro,Winooski,P.O. Box 314, 6285 Aenean Road
542,Polska,04-407,Martinsburg,Waycross,6177 Tempus Av.
543,Polska,33-872,Valdosta,Catskill,6730 Libero. Rd.
544,Polska,16-019,Hampton,Elizabeth City,613-4383 Rhoncus Avenue
545,Polska,43-935,Santa Rosa,Cranston,Ap #987-9336 Purus. St.
546,Polska,89-023,Stamford,Weirton,6185 Enim, Rd.
547,Polska,43-853,Crown Point,Chino,Ap #759-107 Id Rd.
548,Polska,05-227,Scarborough,Darlington,P.O. Box 772, 9589 Nec Ave
549,Polska,56-901,Taunton,Norfolk,Ap #289-5551 Diam St.
550,Polska,73-338,Augusta,Greensburg,Ap #267-3354 Diam Rd.
551,Polska,34-005,Rialto,Allentown,679 Quam, Road
552,Polska,58-610,Cruz Bay,Grambling,Ap #900-2933 Ligula Avenue
553,Polska,69-655,Council Bluffs,Reno,P.O. Box 869, 6422 Aliquam Rd.
554,Polska,66-679,Monrovia,Saint Paul,650-4130 Amet Road
555,Polska,69-966,Sun Valley,Topeka,Ap #858-3389 Molestie Av.
556,Polska,75-137,Atlanta,West Warwick,Ap #223-6076 Phasellus Rd.
557,Polska,19-053,Perth Amboy,Woburn,6766 Morbi Rd.
558,Polska,38-566,Bridgeport,Kingsport,P.O. Box 247, 1825 Morbi Av.
559,Polska,72-118,Riverton,Glen Cove,P.O. Box 579, 5282 Tellus Avenue
560,Polska,62-568,Laguna Woods,Harrisburg,8149 In Street
561,Polska,90-298,Fort Worth,Boulder,288-2933 Neque. St.
562,Polska,19-669,Sugar Land,Cape Girardeau,946-2068 Orci, Rd.
563,Polska,24-547,Lomita,Easthampton,Ap #653-4585 Montes, Rd.
564,Polska,87-590,Rancho Palos Verdes,Cortland,7667 Sem Ave
565,Polska,66-801,Edina,Wisconsin Rapids,967-9386 Proin Rd.
566,Polska,14-180,Ponce,Iowa City,P.O. Box 103, 4606 Orci. Rd.
567,Polska,17-634,Lander,Beckley,969 Et St.
568,Polska,32-077,La Puente,Quincy,P.O. Box 869, 3926 Tempus, Rd.
569,Polska,25-871,Vineland,Plattsburgh,296-3838 Cursus St.
570,Polska,86-498,Irvine,Ames,P.O. Box 108, 3753 Nec, Rd.
571,Polska,57-019,Texarkana,Manchester,882-5651 Mauris Rd.
572,Polska,25-130,Gold Beach,Plymouth,P.O. Box 856, 9132 Curabitur St.
573,Polska,58-129,Chino,Moreno Valley,Ap #678-8460 Mi Avenue
574,Polska,51-094,Tampa,Lynwood,Ap #179-4863 Nullam Rd.
575,Polska,97-309,Detroit,Walnut,P.O. Box 767, 479 Quisque St.
576,Polska,23-519,Cohoes,Agoura Hills,P.O. Box 467, 8535 Nulla. Road
577,Polska,89-635,Phoenix,Sherrill,P.O. Box 618, 4532 Blandit Rd.
578,Polska,45-956,Port Orford,Moore,P.O. Box 118, 9876 Blandit. St.
579,Polska,30-460,South Bend,Louisville,P.O. Box 358, 3500 Vulputate, Ave
580,Polska,81-833,Laguna Woods,Rolling Hills,Ap #406-5936 Risus. Avenue
581,Polska,49-440,Laguna Beach,Lansing,257 Euismod Rd.
582,Polska,57-545,Ocean City,Rohnert Park,7795 Risus Rd.
583,Polska,72-250,Dothan,Fairmont,Ap #354-2828 Felis Av.
584,Polska,23-776,Dubuque,Newport,307-2615 Nibh Av.
585,Polska,98-083,Tok,Morgan City,6907 Est St.
586,Polska,10-948,Plattsburgh,Saint Louis,P.O. Box 929, 6494 At Avenue
587,Polska,71-249,Orem,Providence,Ap #291-4087 Auctor. Rd.
588,Polska,91-902,Shamokin,San Clemente,8517 Lobortis Avenue
589,Polska,84-694,Raleigh,Topeka,P.O. Box 389, 291 Sed Rd.
590,Polska,09-725,Green Bay,Iowa City,Ap #974-4142 Euismod Street
591,Polska,77-116,West Covina,West Hartford,Ap #527-8218 Tellus. Road
592,Polska,33-884,Columbus,St. George,Ap #676-7577 Vel St.
593,Polska,90-725,Pocatello,Overland Park,4333 Cum Rd.
594,Polska,28-372,West Springfield,Clovis,Ap #930-1193 Accumsan Street
595,Polska,91-942,Minnetonka,Battle Creek,P.O. Box 802, 7838 Sapien. Rd.
596,Polska,64-409,Frisco,Kennewick,9123 Nonummy St.
597,Polska,37-040,North Tonawanda,Grand Island,226-612 Eu, Rd.
598,Polska,77-172,Detroit,Mission Viejo,P.O. Box 516, 9490 Et Avenue
599,Polska,07-329,Del Rio,Clarksville,732-887 Arcu. St.
600,Polska,90-255,Honolulu,Murray,Ap #140-3389 Sed St.
601,Polska,96-386,Santa Clarita,Scottsbluff,P.O. Box 101, 5004 Pede Rd.
602,Polska,41-744,Lakewood,Marshfield,9062 Iaculis Rd.
603,Polska,01-522,Cudahy,Gilette,9625 Urna St.
604,Polska,06-783,Green River,Bakersfield,590-6257 Quis, Av.
605,Polska,99-143,Newport,Escondido,784-9539 Aptent Rd.
606,Polska,79-231,Dover,Garland,P.O. Box 979, 2384 Id, Av.
607,Polska,40-525,Catskill,Vacaville,P.O. Box 959, 4951 Enim St.
608,Polska,62-736,Los Angeles,Edina,Ap #819-6069 In Rd.
609,Polska,71-762,Poughkeepsie,Tempe,964-2779 Lacus Ave
610,Polska,68-778,Peru,Durant,8394 Vulputate Avenue
611,Polska,65-009,North Tonawanda,South Burlington,3450 Tincidunt Road
612,Polska,01-098,Santa Rosa,Kent,P.O. Box 726, 8225 Ac St.
613,Polska,85-501,Kalamazoo,Berkeley,Ap #147-1076 Ac, St.
614,Polska,56-911,Valdez,Lower Burrell,Ap #264-9717 Facilisi. St.
615,Polska,36-747,Lawndale,Fall River,6250 Ante, St.
616,Polska,12-712,Farmington,Corpus Christi,3421 Malesuada Av.
617,Polska,00-252,Hamilton,Carolina,Ap #149-1361 Facilisis Road
618,Polska,97-623,Pawtucket,Bellingham,663-360 Mattis Av.
619,Polska,69-297,Burlington,Gettysburg,Ap #460-3924 Aliquam St.
620,Polska,95-820,Staunton,Indio,P.O. Box 387, 9307 Et Rd.
621,Polska,73-857,Lansing,New Rochelle,3199 Volutpat Road
622,Polska,19-601,Diamond Bar,Jamestown,3186 Vehicula St.
623,Polska,40-180,Santa Ana,Tustin,Ap #801-5909 Nam Ave
624,Polska,24-088,La Mirada,Peabody,Ap #786-6767 Sed Rd.
625,Polska,79-021,Basin,Moultrie,5290 Penatibus St.
626,Polska,15-453,Bangor,Fredericksburg,9550 Pede Street
627,Polska,16-487,Beaver Falls,La Jolla,P.O. Box 530, 8408 Tellus. Ave
628,Polska,56-813,Wilson,Sunnyvale,330-6590 Felis St.
629,Polska,73-965,Roswell,Moraga,P.O. Box 555, 1009 Nibh Road
630,Polska,09-582,Bandera,Ogden,Ap #847-200 At Ave
631,Polska,57-861,Bismarck,Fort Worth,567-9895 Risus. Road
632,Polska,01-641,Corinth,Logan,P.O. Box 994, 3783 Mauris St.
633,Polska,16-081,Vernon,Springfield,Ap #440-7784 Primis Rd.
634,Polska,76-619,College Station,Claremont,4224 Adipiscing Street
635,Polska,30-952,Agat,Missoula,P.O. Box 725, 9835 Facilisis, St.
636,Polska,46-812,Mandan,Macomb,P.O. Box 723, 4988 Quisque Street
637,Polska,18-611,Marietta,Moraga,Ap #227-8250 Magna. Rd.
638,Polska,57-469,Buena Park,Nogales,539-9918 At, Ave
639,Polska,90-032,Port Arthur,Santa Ana,592-7594 Dignissim. Rd.
640,Polska,01-356,La Jolla,Jackson,8030 Vitae St.
641,Polska,19-447,Turlock,Warwick,7186 Donec Avenue
642,Polska,21-405,Ames,Laurel,298-1053 Eget Ave
643,Polska,08-550,Rancho Palos Verdes,Greensburg,322-3003 Nunc. Av.
644,Polska,01-270,Coatesville,Jordan Valley,2954 Ornare. Road
645,Polska,88-796,El Segundo,Commerce,P.O. Box 381, 8649 Mauris Road
646,Polska,00-288,Martinsburg,Butler,473-2879 Eu, Rd.
647,Polska,35-769,Montgomery,Titusville,Ap #812-1283 Mi Rd.
648,Polska,99-820,College Station,Charleston,975-1304 Sit Street
649,Polska,90-343,Portland,Rialto,379-2614 Arcu Street
650,Polska,02-058,Stillwater,Newport Beach,Ap #186-8825 Elit Av.
651,Polska,62-996,West Allis,Atlantic City,994-4241 Quisque St.
652,Polska,07-132,Jonesboro,Nichols Hills,Ap #786-5162 Molestie. Rd.
653,Polska,53-348,International Falls,Fort Lauderdale,548-2876 Non, Rd.
654,Polska,25-828,Sandy,Philadelphia,3324 Feugiat Rd.
655,Polska,72-908,Orlando,Ruston,P.O. Box 751, 6661 Justo Street
656,Polska,01-968,Durant,Cambridge,Ap #898-7607 Arcu. Rd.
657,Polska,56-442,Escondido,Seward,9858 Non, Rd.
658,Polska,44-786,Utica,Meriden,Ap #387-6014 Risus. Avenue
659,Polska,45-750,Hoover,La Cañada Flintridge,P.O. Box 335, 4531 Ornare, Avenue
660,Polska,35-230,Barre,Gloversville,P.O. Box 387, 2040 Est Rd.
661,Polska,08-595,Stockton,Mobile,662-4891 Mauris, Road
662,Polska,60-262,Merced,Birmingham,961-1632 Leo, St.
663,Polska,42-693,Westlake Village,Burlington,Ap #439-4048 Neque Av.
664,Polska,59-492,Bend,La Cañada Flintridge,Ap #628-3949 Vivamus St.
665,Polska,36-930,Weirton,Meadville,P.O. Box 448, 6437 Convallis, Street
666,Polska,15-091,Isle of Palms,Hilo,6972 Tincidunt Road
667,Polska,69-150,Truth or Consequences,Charleston,4640 Sed St.
668,Polska,58-413,Oil City,Garden Grove,305-3440 Nulla. Street
669,Polska,44-781,Cairo,Philadelphia,Ap #977-3153 Egestas. Ave
670,Polska,68-410,Fallon,New Kensington,P.O. Box 825, 4920 Ultricies St.
671,Polska,61-296,Johnstown,Fremont,P.O. Box 936, 9702 Ut Av.
672,Polska,16-792,Roswell,Durham,Ap #182-7270 Maecenas Rd.
673,Polska,97-317,Corry,North Chicago,3987 Libero. Street
674,Polska,92-701,Saint Paul,Warwick,Ap #893-9161 Metus. Avenue
675,Polska,86-172,Superior,Sheboygan,Ap #472-331 Sollicitudin Av.
676,Polska,26-669,Long Beach,Bessemer,8932 A Av.
677,Polska,95-895,Hornell,Sunnyvale,Ap #657-9417 Sed St.
678,Polska,84-783,Fort Worth,Durant,605 Neque. Rd.
679,Polska,28-536,Grafton,Carson City,Ap #472-2472 Ante. Street
680,Polska,28-160,Normal,Gadsden,7289 Fermentum Rd.
681,Polska,21-055,New Brunswick,Houston,P.O. Box 257, 2432 Pretium Av.
682,Polska,85-347,Berlin,Thomasville,Ap #207-346 Integer Street
683,Polska,77-362,Chelsea,Houston,132-9013 Purus Road
684,Polska,04-596,Peoria,Cicero,Ap #118-9782 Eleifend St.
685,Polska,69-996,Bradbury,Williston,107-772 Arcu Av.
686,Polska,44-588,Nanticoke,Port Arthur,P.O. Box 844, 6863 Et, St.
687,Polska,99-215,Dunkirk,Brockton,P.O. Box 205, 7748 Enim St.
688,Polska,10-104,Brookings,Caguas,Ap #731-3733 Libero Rd.
689,Polska,24-236,Billings,Aliquippa,P.O. Box 728, 6283 Dignissim St.
690,Polska,48-769,Twin Falls,Iowa City,Ap #245-4208 Nunc St.
691,Polska,62-319,Akron,Manassas,6074 In Road
692,Polska,08-669,St. Marys,Gastonia,P.O. Box 435, 9857 Nunc Road
693,Polska,02-412,Ventura,Frankfort,Ap #102-7187 Nunc Rd.
694,Polska,50-284,Apple Valley,Kingsport,P.O. Box 215, 8588 Purus Avenue
695,Polska,94-425,Saukville,Eatontown,Ap #807-3816 Iaculis St.
696,Polska,50-016,Belpre,Springdale,P.O. Box 207, 5238 Sapien St.
697,Polska,15-006,Cedar Falls,Tampa,857-2046 Hendrerit. Rd.
698,Polska,10-827,New Rochelle,Muskogee,Ap #525-4157 Odio Ave
699,Polska,73-684,Sandy,Greenfield,607-247 Eleifend Road
700,Polska,54-517,Jeffersontown,Frederiksted,P.O. Box 202, 2867 Varius Rd.
701,Polska,77-643,Biddeford,Tonawanda,Ap #969-8347 Nam Road
702,Polska,33-376,Warren,Rolla,387-1516 In Road
703,Polska,76-027,Champaign,Monterey,P.O. Box 131, 2531 Libero. Av.
704,Polska,29-365,Grafton,Manassas Park,6323 Ultricies Rd.
705,Polska,38-352,Rawlins,Sunnyvale,Ap #459-8142 Lorem, Rd.
706,Polska,25-384,Moreno Valley,Sugar Land,422 Etiam Av.
707,Polska,53-301,Aspen,Woodward,2179 Ipsum Road
708,Polska,90-984,La Habra,Galesburg,Ap #423-6679 Mauris Street
709,Polska,47-234,Brooklyn Park,Brownsville,849-7601 Duis Ave
710,Polska,68-742,Minneapolis,Norwalk,Ap #114-370 Turpis. Rd.
711,Polska,03-839,Corona,Yorba Linda,P.O. Box 733, 3990 Nullam Avenue
712,Polska,38-802,Pascagoula,San Francisco,Ap #372-8135 Cursus Rd.
713,Polska,19-075,Apple Valley,Rehoboth Beach,Ap #937-3170 Tellus Road
714,Polska,79-671,Huntington,Casper,5622 Quisque Street
715,Polska,46-332,Tamuning,North Charleston,Ap #147-7002 Egestas Avenue
716,Polska,10-474,Anderson,Oro Valley,Ap #508-5567 Eget Av.
717,Polska,78-620,Passaic,Slidell,P.O. Box 899, 5948 Mauris Road
718,Polska,05-601,Pasco,Rhinelander,P.O. Box 989, 2167 Placerat, Ave
719,Polska,26-902,Irwindale,Milwaukee,358-3625 Curabitur Street
720,Polska,91-933,San Mateo,Torrington,Ap #493-4478 Porttitor Street
721,Polska,21-693,Pascagoula,Columbia,P.O. Box 639, 5884 Hendrerit Road
722,Polska,51-584,Sutter Creek,Cortland,P.O. Box 714, 3289 Vivamus St.
723,Polska,95-721,Cedarburg,Paducah,375-7083 Magnis Street
724,Polska,04-236,Thibodaux,Williamsburg,Ap #154-4881 Eget St.
725,Polska,42-843,Mayagüez,Rolling Hills Estates,558-2418 Egestas. St.
726,Polska,61-595,Sturgis,Olympia,9925 Leo, Road
727,Polska,08-928,Mandan,Fajardo,Ap #309-4132 Dapibus Avenue
728,Polska,97-118,North Tonawanda,Plano,6926 Non Street
729,Polska,24-580,Valparaiso,Seal Beach,Ap #103-1636 Rutrum. Avenue
730,Polska,55-494,Wynne,Chester,847 Semper Avenue
731,Polska,18-789,Woodward,Pittsburgh,P.O. Box 278, 844 Praesent St.
732,Polska,11-820,Merizo,Denver,6496 Nonummy St.
733,Polska,02-611,McKeesport,Buena Park,9570 Sit Rd.
734,Polska,48-915,Catskill,Fort Collins,867-1233 Tincidunt. St.
735,Polska,79-691,Saint Albans,Pittston,3951 Erat Av.
736,Polska,91-913,Monterey,Baldwin Park,2630 Condimentum St.
737,Polska,14-342,New Iberia,Worland,Ap #972-4056 Malesuada Ave
738,Polska,60-138,Williston,Frederick,237-854 Suscipit Avenue
739,Polska,77-117,Bellflower,Gulfport,4695 Et Rd.
740,Polska,73-481,Chelsea,Santa Ana,6812 Eu, Av.
741,Polska,17-649,New Madrid,Topeka,Ap #835-8261 Enim Ave
742,Polska,75-815,Ketchikan,Twin Falls,521-596 Purus St.
743,Polska,36-884,Raleigh,Mobile,P.O. Box 142, 3836 Mauris Rd.
744,Polska,89-456,Evansville,Hanahan,615-4232 Facilisis Av.
745,Polska,74-497,Troy,Wisconsin Rapids,563 Eros Rd.
746,Polska,95-650,South Bend,Moorhead,Ap #867-2412 Maecenas Ave
747,Polska,11-659,Steubenville,Charlotte Amalie,Ap #864-5177 Integer Rd.
748,Polska,37-452,Geneva,Muskegon,P.O. Box 790, 9131 Cubilia Avenue
749,Polska,03-378,Chattanooga,Woonsocket,Ap #657-2949 Dolor Street
750,Polska,47-704,Meridian,Mechanicville,P.O. Box 420, 5862 Ultricies Street
751,Polska,39-821,Montgomery,Cohoes,984-8137 Et Avenue
752,Polska,69-895,Laguna Beach,Danville,474 Integer Street
753,Polska,64-547,New York,Sault Ste. Marie,1846 Diam. Avenue
754,Polska,29-741,Peekskill,Wahoo,Ap #203-3589 Ut Rd.
755,Polska,56-876,Beacon,Northampton,P.O. Box 366, 1841 Quis Ave
756,Polska,99-929,Roanoke,Kansas City,P.O. Box 663, 8543 Ante Ave
757,Polska,85-931,Brookings,Rehoboth Beach,Ap #426-4643 Pede. Av.
758,Polska,60-131,Lafayette,Mandan,Ap #367-3059 Vehicula Road
759,Polska,27-499,Bozeman,Sault Ste. Marie,2266 Ipsum Rd.
760,Polska,79-947,Manhattan,Sandy,3474 Maecenas St.
761,Polska,59-809,Connellsville,Michigan City,152 Inceptos Rd.
762,Polska,97-906,Sacramento,Rancho Palos Verdes,Ap #408-9529 In Avenue
763,Polska,90-472,North Tonawanda,Monongahela,Ap #433-2119 Cursus St.
764,Polska,45-770,Muskegon,Riverton,Ap #192-9940 Ut Road
765,Polska,48-443,Roanoke,Independence,1148 Libero Av.
766,Polska,05-656,Concord,West Valley City,Ap #699-4290 Amet Ave
767,Polska,52-166,Sunnyvale,Powell,Ap #151-8010 Magnis Road
768,Polska,98-226,Bowling Green,Hattiesburg,P.O. Box 313, 3418 Dis Rd.
769,Polska,21-297,Truth or Consequences,Grand Junction,Ap #940-8193 Ornare, St.
770,Polska,36-472,Macomb,Martinsburg,Ap #472-9506 Sem Street
771,Polska,87-548,Sierra Vista,Seal Beach,P.O. Box 114, 7647 Quisque St.
772,Polska,93-018,Alhambra,Watertown,121-8863 Tincidunt Ave
773,Polska,95-023,Kemmerer,Cudahy,6471 Vitae Street
774,Polska,06-416,Malden,Colorado Springs,Ap #564-6134 Arcu. Rd.
775,Polska,45-571,West Sacramento,Revere,203-1552 Odio. Av.
776,Polska,65-377,Chico,Irwindale,506 Metus. Av.
777,Polska,44-298,Saint Paul,Jonesboro,625 Sed St.
778,Polska,91-062,Trenton,Yorba Linda,Ap #928-4089 Viverra. St.
779,Polska,37-585,Hartford,Paterson,P.O. Box 868, 7704 Vel, Av.
780,Polska,96-248,Chino Hills,Martinsburg,Ap #522-5780 Consectetuer Street
781,Polska,44-940,Springfield,Trenton,337-1639 Accumsan Rd.
782,Polska,89-760,Norman,Klamath Falls,Ap #562-1234 Ac Street
783,Polska,80-816,Hannibal,Provo,Ap #595-9068 Mauris, Av.
784,Polska,54-309,Newton,Dover,P.O. Box 494, 6294 Nec Rd.
785,Polska,68-695,Cicero,Attleboro,5309 Vivamus St.
786,Polska,83-281,Union City,Jeffersontown,4183 Pede. Road
787,Polska,57-075,Newark,Sacramento,890-9050 Feugiat. Street
788,Polska,34-038,Fitchburg,Gloversville,Ap #623-9963 Montes, St.
789,Polska,74-489,Forest Lake,Durham,261-6443 Neque St.
790,Polska,99-613,Lockport,Beaumont,P.O. Box 224, 7390 In Avenue
791,Polska,44-051,Norwalk,Merced,7592 Dolor St.
792,Polska,02-043,Florence,Oswego,Ap #673-3831 Imperdiet St.
793,Polska,01-470,Morgan City,Tallahassee,889-5822 Mauris St.
794,Polska,45-146,Branson,Chicopee,P.O. Box 293, 7551 Ante Road
795,Polska,48-765,Hudson,Bartlesville,Ap #320-6228 Rutrum Rd.
796,Polska,01-414,Fountain Valley,Peekskill,3826 Gravida Av.
797,Polska,49-523,Pomona,Kahului,841-8624 Dapibus St.
798,Polska,82-937,Jacksonville,Monrovia,Ap #837-6278 Nullam Rd.
799,Polska,11-319,Cape Girardeau,Manchester,P.O. Box 712, 3716 Purus. St.
800,Polska,71-494,Durant,Scranton,Ap #641-2516 Quam Rd.
801,Polska,11-668,Kingsport,Florence,Ap #291-5443 Habitant Rd.
802,Polska,77-988,Palos Verdes Estates,Citrus Heights,Ap #591-2451 Magna. Av.
803,Polska,83-531,Bridgeport,Michigan City,P.O. Box 947, 1756 Hymenaeos. Street
804,Polska,62-228,Kearney,Roseville,4094 Est St.
805,Polska,94-552,Cicero,Caguas,982-3359 In St.
806,Polska,50-883,Beverly,Santa Clarita,P.O. Box 796, 9598 Rutrum, Ave
807,Polska,82-743,Lawrenceville,Torrance,971-1766 Nisl. Avenue
808,Polska,60-665,Newark,Wisconsin Rapids,546 Dictum Ave
809,Polska,09-866,Tok,Idabel,Ap #438-2935 Mus. Av.
810,Polska,08-147,Olean,Helena,648-9519 Proin Street
811,Polska,02-929,Santa Fe,Fajardo,P.O. Box 702, 4608 Erat Ave
812,Polska,00-187,Laramie,Bridgeport,220-1549 Condimentum. Road
813,Polska,95-129,Powell,Corry,P.O. Box 358, 9017 Nunc Avenue
814,Polska,95-977,Nashville,Chicago Heights,605-3894 Scelerisque Ave
815,Polska,76-109,Dover,Dubuque,247-7433 Ornare Ave
816,Polska,03-704,Beloit,Wahoo,1545 Odio Rd.
817,Polska,34-301,Moline,Oneonta,682-4252 Eleifend Street
818,Polska,28-626,Ames,Hattiesburg,Ap #251-1380 Ornare St.
819,Polska,22-068,Waco,Seattle,P.O. Box 413, 5728 Pellentesque Road
820,Polska,70-103,Rockville,Kenner,P.O. Box 859, 2919 Cras Rd.
821,Polska,12-629,Shreveport,Greenfield,881-9690 Ac St.
822,Polska,36-278,Milwaukee,Garland,597-9152 Nisl. Rd.
823,Polska,19-581,Holyoke,Calabasas,4646 Duis Rd.
824,Polska,56-877,Denver,Newport,900-3434 Ultricies Rd.
825,Polska,14-660,Bozeman,Daly City,P.O. Box 545, 1500 Nonummy Street
826,Polska,38-254,Batavia,Altoona,8264 Netus Ave
827,Polska,30-406,Rye,Webster Groves,673-5764 Auctor Avenue
828,Polska,47-730,Ada,Tacoma,4543 Mauris Street
829,Polska,82-593,Coos Bay,Radford,6105 Enim. Rd.
830,Polska,64-353,Fajardo,Yorba Linda,799-6494 Rutrum. Av.
831,Polska,88-669,Williamsburg,Knoxville,Ap #959-7613 Non, Av.
832,Polska,01-427,Everett,Saratoga Springs,P.O. Box 967, 1159 Molestie Ave
833,Polska,49-133,Vancouver,Wilson,Ap #903-7367 Adipiscing Ave
834,Polska,63-140,Cape Girardeau,Dana Point,Ap #391-275 Consequat Street
835,Polska,91-363,Guánica,Sanford,1381 A Street
836,Polska,78-196,Rancho Cordova,San Mateo,P.O. Box 566, 7933 Ligula Road
837,Polska,26-039,Port Jervis,Olympia,3537 Euismod Ave
838,Polska,31-719,Altoona,Cedar City,P.O. Box 235, 6282 Sed, Ave
839,Polska,68-492,Milwaukee,Laguna Woods,P.O. Box 115, 1241 Nec Av.
840,Polska,07-704,Milford,Hammond,P.O. Box 125, 6002 Feugiat Ave
841,Polska,01-681,San Fernando,Johnson City,7558 Fringilla Ave
842,Polska,84-292,Greenfield,Valdez,Ap #180-4398 Ornare, Road
843,Polska,06-793,Sturgis,Warwick,P.O. Box 615, 7647 Adipiscing Avenue
844,Polska,23-100,Aurora,South Burlington,P.O. Box 846, 6695 Ac Rd.
845,Polska,47-983,Bell,Eufaula,P.O. Box 450, 730 Amet Ave
846,Polska,93-984,Mission Viejo,Ontario,8311 Pede Avenue
847,Polska,99-683,Rialto,Pulaski,114-260 Metus St.
848,Polska,80-238,Hannibal,Rapid City,P.O. Box 887, 2190 Nibh. Street
849,Polska,54-823,Pullman,Beloit,2556 Lacus. Rd.
850,Polska,94-906,Kent,Azusa,P.O. Box 984, 6697 Eu Street
851,Polska,93-486,Laguna Hills,Pittsburgh,P.O. Box 771, 2337 Volutpat. Avenue
852,Polska,54-381,Baltimore,Butler,P.O. Box 224, 2346 Est, Rd.
853,Polska,51-983,Trenton,Marquette,1094 Morbi Street
854,Polska,94-873,Webster Groves,Marietta,P.O. Box 924, 3565 Cursus, Rd.
855,Polska,19-425,Mobile,Guánica,Ap #699-9901 Consequat St.
856,Polska,85-518,La Mirada,DuBois,P.O. Box 565, 2689 Ultrices Av.
857,Polska,90-840,San Juan,Schenectady,450-2908 A, Ave
858,Polska,87-092,Pico Rivera,Williamsport,368-910 Purus Street
859,Polska,95-885,Gastonia,Boston,526 Elit, Road
860,Polska,47-865,Chandler,Youngstown,Ap #860-9986 In St.
861,Polska,05-918,Laguna Woods,Lawndale,P.O. Box 731, 2790 Quisque Road
862,Polska,60-314,Goose Creek,Detroit,P.O. Box 506, 6426 Pellentesque St.
863,Polska,24-421,Florence,Easthampton,P.O. Box 471, 6518 Fermentum Av.
864,Polska,79-519,Downey,Idaho Springs,7325 Nec, Street
865,Polska,61-952,Baltimore,Wilmington,389-5549 Volutpat Street
866,Polska,66-884,Artesia,East Hartford,P.O. Box 681, 8730 Egestas Ave
867,Polska,08-261,Basin,Green River,425-4155 Ut St.
868,Polska,33-267,Nacogdoches,Culver City,P.O. Box 296, 6814 Maecenas St.
869,Polska,04-776,Johnstown,Ogdensburg,3290 Lobortis, Street
870,Polska,49-631,Woonsocket,Oxford,P.O. Box 876, 226 In, Road
871,Polska,74-216,Dover,Hattiesburg,1542 Ullamcorper Street
872,Polska,04-571,Toledo,Oneida,Ap #243-6820 Neque. Road
873,Polska,81-344,Hackensack,Escondido,Ap #761-2986 Amet, St.
874,Polska,49-672,Long Beach,Vermillion,Ap #150-1435 Proin Avenue
875,Polska,37-673,Salinas,Keene,6140 Semper Avenue
876,Polska,41-892,Newark,Oxnard,Ap #324-8229 Hendrerit St.
877,Polska,97-727,Durango,Florence,P.O. Box 536, 4168 In, Rd.
878,Polska,32-851,Ocean City,Commerce,P.O. Box 600, 1098 Metus Av.
879,Polska,62-678,Walla Walla,Middletown,124-4286 Elit. Ave
880,Polska,53-223,Saginaw,New Bedford,372-2380 Condimentum. St.
881,Polska,14-895,Huntington Park,Appleton,Ap #109-5149 Ut Rd.
882,Polska,65-238,Galveston,Rosemead,P.O. Box 675, 9885 Arcu. Rd.
883,Polska,82-787,Alhambra,Blacksburg,7670 Iaculis, Rd.
884,Polska,03-739,Logan,Greenfield,7884 Est St.
885,Polska,48-122,Rockville,Fremont,P.O. Box 222, 4634 Lorem, Ave
886,Polska,08-406,Williston,Asheville,324-3999 Purus. St.
887,Polska,37-789,Paducah,North Charleston,Ap #701-7297 A Rd.
888,Polska,59-621,Rhinelander,Port Huron,P.O. Box 294, 3016 Fringilla. Rd.
889,Polska,12-726,Abilene,Nashville,862-6700 Nisl Ave
890,Polska,04-052,Redondo Beach,Dixon,9983 Metus Ave
891,Polska,85-791,Tonawanda,Colorado Springs,317-2753 Tempor, St.
892,Polska,02-809,DeKalb,Urbana,766-7606 Orci Street
893,Polska,64-932,Sioux City,Hawaiian Gardens,P.O. Box 121, 6298 Aliquam Road
894,Polska,92-106,Guayama,Fountain Valley,P.O. Box 804, 6047 Ac Rd.
895,Polska,46-260,Akron,Irvine,195-7000 Luctus Rd.
896,Polska,24-765,Saint Joseph,Fort Dodge,632-6348 Nec Avenue
897,Polska,78-330,Canandaigua,Winnemucca,P.O. Box 232, 9236 Felis. Av.
898,Polska,25-679,Rockford,Kankakee,P.O. Box 906, 8094 Dui Street
899,Polska,91-396,West Bend,Montpelier,7765 Velit. Av.
900,Polska,90-748,Yuma,Minneapolis,P.O. Box 517, 9959 A Street
901,Polska,12-434,Newport,Danbury,665-5489 Quam Rd.
902,Polska,05-144,Barre,Cranston,7846 Iaculis St.
903,Polska,09-382,Lansing,Fairfield,Ap #679-9051 In, Rd.
904,Polska,92-128,Mason City,Steubenville,582-174 Eget Rd.
905,Polska,85-227,Claremore,Ames,582-3509 Nam St.
906,Polska,88-543,Coos Bay,Glen Cove,576-3382 Nisl Rd.
907,Polska,93-758,Eugene,Montebello,9488 Nunc Av.
908,Polska,59-920,Gilette,Sherrill,Ap #996-6183 Orci, St.
909,Polska,91-926,Hutchinson,San Rafael,P.O. Box 757, 9738 Consectetuer Road
910,Polska,00-578,Grambling,Pendleton,Ap #774-4172 Sed Street
911,Polska,95-812,Spokane,San Francisco,Ap #529-7029 Eu, St.
912,Polska,12-654,Isle of Palms,Malibu,P.O. Box 317, 3088 Ac Road
913,Polska,49-775,Logan,Cedar City,7627 In, St.
914,Polska,38-558,Farrell,Agoura Hills,353-9905 Magna. Road
915,Polska,77-521,Mount Pleasant,Laurel,266-7469 Vestibulum, St.
916,Polska,06-857,Texarkana,Greenville,6310 Egestas. Ave
917,Polska,61-626,Uniontown,Lomita,P.O. Box 229, 9063 Vel, Rd.
918,Polska,37-377,Saukville,West Allis,Ap #441-4243 Ac Av.
919,Polska,42-750,Parkersburg,Centennial,8622 Tempus Av.
920,Polska,56-313,Monroe,Falls Church,P.O. Box 684, 6791 Diam Avenue
921,Polska,74-622,Elkhart,North Chicago,4834 Consectetuer Ave
922,Polska,29-135,Aspen,Cape May,7778 Sollicitudin Rd.
923,Polska,61-394,El Cerrito,Albuquerque,5529 Non Avenue
924,Polska,50-886,Mason City,Macomb,Ap #549-1834 Interdum St.
925,Polska,00-224,Roswell,Augusta,P.O. Box 623, 4607 Et Rd.
926,Polska,68-477,Durango,Flint,P.O. Box 262, 9721 Ultricies Street
927,Polska,67-564,Batavia,Stamford,P.O. Box 758, 5645 Dapibus St.
928,Polska,87-730,Hartford,Rolling Hills Estates,P.O. Box 471, 9991 Ornare St.
929,Polska,47-378,Mandan,Reading,274-6603 Nibh Street
930,Polska,30-141,Troy,Annapolis,2843 Mauris Ave
931,Polska,61-034,Elsmere,Rocky Mount,773-5197 Tincidunt, Ave
932,Polska,32-285,Meridian,Aliquippa,P.O. Box 397, 3841 Eu Avenue
933,Polska,12-419,Darlington,Kearns,946-8095 Magna. Road
934,Polska,77-251,West Memphis,Alpharetta,370-7407 Mauris. Street
935,Polska,83-873,Derby,Brookings,Ap #772-3789 Id, Rd.
936,Polska,71-916,Turlock,Weirton,P.O. Box 936, 7793 Mauris Rd.
937,Polska,19-232,Miami,Biloxi,7792 Egestas Av.
938,Polska,22-886,Idaho Springs,Moorhead,276 Phasellus St.
939,Polska,24-928,Manitowoc,Hope,Ap #776-5700 Ultricies Street
940,Polska,89-190,Yukon,Warren,P.O. Box 710, 1004 Etiam Street
941,Polska,80-682,Kenosha,Turlock,7610 Montes, Avenue
942,Polska,73-156,Oshkosh,Geneva,421-4871 Phasellus Rd.
943,Polska,33-406,Monrovia,Saint Albans,3819 Lobortis, Road
944,Polska,30-826,Powell,Asbury Park,575-824 Urna. Rd.
945,Polska,01-427,Pittston,Odessa,P.O. Box 666, 1162 Ligula. St.
946,Polska,62-836,Redlands,Peoria,Ap #212-4549 Dolor Av.
947,Polska,21-875,Green Bay,Santa Fe,P.O. Box 919, 2810 At Rd.
948,Polska,95-495,Broken Arrow,Artesia,5074 Nulla Street
949,Polska,96-184,Port Arthur,Woburn,P.O. Box 785, 6880 Interdum. Avenue
950,Polska,61-436,Pittsfield,Decatur,4219 Felis, Rd.
951,Polska,53-555,South El Monte,Lawndale,P.O. Box 316, 6476 Arcu Av.
952,Polska,69-659,Sacramento,Gettysburg,172-7862 Interdum Rd.
953,Polska,17-003,San Mateo,Klamath Falls,5192 Sollicitudin St.
954,Polska,68-076,Cedar Falls,Wisconsin Rapids,8896 Taciti Ave
955,Polska,38-664,Cambridge,Cairo,P.O. Box 361, 9235 Risus. Avenue
956,Polska,26-776,Sunnyvale,Pocatello,Ap #231-3200 Enim. Rd.
957,Polska,12-240,Detroit,Fort Wayne,1046 Aliquet St.
958,Polska,40-200,Kingston,Florence,6553 Maecenas Ave
959,Polska,46-517,Bossier City,Pine Bluff,2060 Nunc Road
960,Polska,72-295,Parkersburg,Akron,Ap #679-9979 Egestas Ave
961,Polska,56-485,Clarksville,San Marino,786-7889 Amet Rd.
962,Polska,18-402,Grambling,Evansville,Ap #918-2088 Auctor Rd.
963,Polska,29-704,Hollywood,Yuma,769-6334 Fringilla, St.
964,Polska,65-829,Newport News,Atlanta,Ap #288-7580 Non Rd.
965,Polska,84-740,North Charleston,Peoria,333-9781 Lobortis. Rd.
966,Polska,82-987,Olean,Lomita,630-1584 Pharetra. St.
967,Polska,06-241,Laughlin,Duquesne,5262 Urna. Avenue
968,Polska,06-221,Oil City,Manassas Park,690 Cursus Rd.
969,Polska,34-788,Uniontown,Dunkirk,P.O. Box 145, 3465 Pellentesque St.
970,Polska,72-892,Sanford,West Valley City,Ap #976-861 Dolor. Av.
971,Polska,76-681,Hilo,West Bend,Ap #417-7161 Mauris. Av.
972,Polska,55-168,College Park,Wisconsin Rapids,5789 Praesent Road
973,Polska,66-534,Broken Arrow,Hammond,1099 Purus Av.
974,Polska,71-475,Hartland,Hannibal,5481 Vivamus St.
975,Polska,25-345,Winooski,San Marino,992-1002 Ligula. Rd.
976,Polska,84-219,Batavia,Clarksburg,550-5140 Arcu Av.
977,Polska,88-889,Seward,Hamilton,5848 Ante Road
978,Polska,97-332,Santa Barbara,Hackensack,5892 Ligula. Rd.
979,Polska,86-696,Kingston,El Segundo,P.O. Box 162, 8414 Lorem Avenue
980,Polska,90-632,Berkeley,Bethlehem,1709 Elit. St.
981,Polska,41-974,Morgantown,Missoula,750-3771 Integer Road
982,Polska,91-611,Saipan,Danbury,P.O. Box 679, 769 Tellus, Ave
983,Polska,47-127,Whittier,Hot Springs,122-5774 Faucibus St.
984,Polska,95-638,Hattiesburg,Port Orford,957-6917 Erat Rd.
985,Polska,11-684,Frederick,Waltham,P.O. Box 193, 8276 Proin St.
986,Polska,05-018,Bentonville,Port Arthur,249-5329 Eleifend Ave
987,Polska,78-322,Fajardo,Williamsport,Ap #308-8733 Iaculis Rd.
988,Polska,91-792,Somerville,Scarborough,4606 Volutpat Road
989,Polska,29-106,Mankato,Costa Mesa,P.O. Box 534, 5586 Sem, Street
990,Polska,37-562,Citrus Heights,Tyler,P.O. Box 851, 1224 Sit St.
991,Polska,36-960,San Marino,Brea,349-3707 Rhoncus. Ave
992,Polska,84-505,Yukon,Newport Beach,P.O. Box 604, 9901 Ultricies Ave
993,Polska,34-045,Vancouver,Milwaukee,582-6287 Eget Rd.
994,Polska,26-809,Casper,Hornell,7994 At Rd.
995,Polska,19-406,Moore,Newport,P.O. Box 776, 3712 Placerat, Avenue
996,Polska,66-952,Jefferson City,Beckley,Ap #787-7540 Consequat, Ave
997,Polska,69-135,Battle Creek,Charleston,Ap #801-6506 Nunc Avenue
998,Polska,14-305,Bayamon,Jordan Valley,718-228 Non Ave
999,Polska,77-954,Palo Alto,El Paso,508-1173 Nec Rd.
1000,Polska,46-841,Nampa,Boise,471-5187 Velit St.

