id_dane_firmy,nazwa_firmy,numer_nip,kraj,miejscowosc,adres
1,Lavasoft,7671758127,Polska,Sault Ste. Marie,P.O. Box 280, 2223 Vestibulum. St.
2,Lycos,6343150742,Polska,Aspen,Ap #394-1027 Ipsum St.
3,Lycos,2636168665,Polska,Bremerton,909-2340 Enim Rd.
4,Cakewalk,3140411198,Polska,Sandy,Ap #274-2789 Vestibulum Avenue
5,Adobe,0071486697,Polska,New Brunswick,P.O. Box 772, 2625 Fermentum Rd.
6,Lycos,8188903760,Polska,Pierre,Ap #128-8145 Elementum, Rd.
7,Lycos,8010909936,Polska,Niagara Falls,P.O. Box 126, 8418 Augue Street
8,Sibelius,5106215304,Polska,Pasadena,P.O. Box 982, 1954 Montes, St.
9,Altavista,7579632785,Polska,Rock Springs,514-3116 Diam. Street
10,Chami,2507394721,Polska,Newburgh,9852 Tellus Avenue
11,Sibelius,6778376770,Polska,Kearney,P.O. Box 746, 1612 Vel, Street
12,Borland,2509283050,Polska,San Angelo,Ap #876-5746 Venenatis Rd.
13,Finale,9784787618,Polska,Detroit,7282 Fermentum Rd.
14,Apple Systems,6165940628,Polska,Hawthorne,Ap #692-3110 Consequat Ave
15,Yahoo,4575135642,Polska,Twin Falls,971-2081 Risus. Rd.
16,Macromedia,4079731087,Polska,Littleton,6795 Nam Ave
17,Adobe,1146125867,Polska,Winooski,597-2669 Aliquam, Rd.
18,Lavasoft,2453915274,Polska,Sierra Vista,103-8669 Augue Road
19,Finale,0415955007,Polska,Rosemead,P.O. Box 822, 9115 Magna. Rd.
20,Apple Systems,2786835396,Polska,Indianapolis,2926 Et Road
21,Macromedia,0712599435,Polska,Santa Clara,P.O. Box 943, 6154 Lobortis. St.
22,Borland,0217442446,Polska,San Rafael,P.O. Box 216, 7198 Ipsum. Rd.
23,Borland,4527702236,Polska,Olympia,Ap #587-5204 At, Rd.
24,Lycos,3569837959,Polska,Durango,732-2524 Mollis Rd.
25,Lycos,1687286655,Polska,Council Bluffs,264-856 Nullam Av.
26,Macromedia,2158931797,Polska,Georgetown,3094 Blandit Avenue
27,Lavasoft,4097146187,Polska,Waterbury,385-4571 Quisque Rd.
28,Finale,9979841303,Polska,Covington,P.O. Box 386, 5648 Mauris Street
29,Google,7477175699,Polska,Rome,Ap #591-1958 Lobortis. St.
30,Microsoft,4458120886,Polska,San Dimas,P.O. Box 990, 459 Fringilla Road
31,Cakewalk,1096577876,Polska,Orem,868-4658 Eget Road
32,Lycos,7927883651,Polska,Gilbert,Ap #652-3314 Aliquam Av.
33,Sibelius,6296564300,Polska,Tustin,P.O. Box 156, 1716 Facilisi. Road
34,Microsoft,6559414167,Polska,City of Industry,258-7676 Sagittis. Rd.
35,Apple Systems,2968553794,Polska,Janesville,P.O. Box 413, 238 Eu Rd.
36,Sibelius,1930526054,Polska,Agawam,Ap #643-319 Nec, Av.
37,Sibelius,6085490661,Polska,Chino Hills,P.O. Box 893, 8300 A, St.
38,Chami,2113067074,Polska,Newport Beach,Ap #967-7555 Tellus Rd.
39,Yahoo,9650791371,Polska,Baton Rouge,8050 Augue Ave
40,Macromedia,4363924616,Polska,Ashland,P.O. Box 193, 5025 Et Ave
41,Microsoft,6729469616,Polska,San Jose,Ap #562-7555 Etiam Rd.
42,Cakewalk,6674978675,Polska,Sherrill,Ap #983-308 Magnis Street
43,Google,0577327113,Polska,Saukville,P.O. Box 118, 8175 Consectetuer St.
44,Lycos,5151934205,Polska,Houma,P.O. Box 649, 5111 Vitae Road
45,Chami,6717327679,Polska,Plantation,P.O. Box 688, 4497 Mauris Road
46,Finale,3810994261,Polska,Yukon,941-9555 Tincidunt Av.
47,Yahoo,6855964817,Polska,Menomonee Falls,P.O. Box 190, 474 Sed Ave
48,Google,1329979528,Polska,Plano,7361 Imperdiet Road
49,Apple Systems,2804234103,Polska,Saint Cloud,333-5975 Ac St.
50,Cakewalk,1819962204,Polska,Farmington,Ap #694-6904 Faucibus St.
51,Borland,1559758370,Polska,Kalispell,4203 In, Road
52,Yahoo,1872422170,Polska,Manassas Park,7433 Sagittis St.
53,Cakewalk,6437200622,Polska,Somersworth,582-5227 Adipiscing Road
54,Cakewalk,5689962969,Polska,Cody,P.O. Box 413, 1685 Dolor. Av.
55,Finale,7284073602,Polska,Greensboro,821-6592 Urna Rd.
56,Adobe,4287027864,Polska,Troy,4026 Lectus Av.
57,Finale,6571768796,Polska,North Charleston,Ap #558-8404 In, St.
58,Cakewalk,8693400198,Polska,Bayamon,Ap #640-794 Curabitur Rd.
59,Adobe,2749673684,Polska,New Orleans,P.O. Box 333, 2125 Luctus Rd.
60,Macromedia,5432829666,Polska,Kennesaw,P.O. Box 696, 3958 Cursus Street
61,Finale,9874102399,Polska,Alameda,P.O. Box 774, 5338 Fringilla Road
62,Microsoft,3762403437,Polska,Honolulu,5860 Luctus Ave
63,Cakewalk,4637399893,Polska,Erie,Ap #569-8753 Ullamcorper, St.
64,Apple Systems,2538912810,Polska,Scottsdale,P.O. Box 642, 9968 Tempor, Street
65,Yahoo,2057346575,Polska,Odessa,P.O. Box 201, 4722 Adipiscing Road
66,Lavasoft,5366939405,Polska,Charlottesville,9679 Massa St.
67,Sibelius,8124580420,Polska,Thibodaux,P.O. Box 897, 6875 Pellentesque Rd.
68,Chami,3835070875,Polska,Ardmore,403-4426 Nunc. Road
69,Sibelius,3161511220,Polska,Beverly Hills,1300 Luctus St.
70,Finale,6840001523,Polska,Shelton,2477 Sit Road
71,Lavasoft,8485225236,Polska,Shawnee,Ap #211-4038 Bibendum St.
72,Altavista,8413276428,Polska,Sanford,973-3845 Justo Ave
73,Microsoft,1875007762,Polska,Winston-Salem,2588 Eu St.
74,Yahoo,5267033030,Polska,Shawnee,5586 Massa Road
75,Borland,3629887920,Polska,Agawam,6419 Diam St.
76,Microsoft,0304033810,Polska,Savannah,530 Massa. St.
77,Macromedia,4784199122,Polska,Bellingham,8438 Vehicula Road
78,Finale,9663347536,Polska,Plainfield,9991 Hendrerit Avenue
79,Microsoft,6025688036,Polska,Missoula,361-3850 Arcu Road
80,Lavasoft,8989246136,Polska,Ketchikan,P.O. Box 489, 5099 Scelerisque Street
81,Lavasoft,3472275736,Polska,Boulder City,P.O. Box 283, 2291 Imperdiet St.
82,Altavista,1875608355,Polska,Palm Springs,Ap #286-8417 A, Ave
83,Finale,7246903086,Polska,Marshall,Ap #261-9871 Mauris. Road
84,Apple Systems,8940410440,Polska,Glen Cove,4385 Sit Rd.
85,Lavasoft,6544495905,Polska,Harrisburg,Ap #654-2123 Magnis Rd.
86,Chami,3738283132,Polska,Eau Claire,5507 Nunc Rd.
87,Microsoft,0853581765,Polska,West Valley City,P.O. Box 960, 3882 Nulla Ave
88,Sibelius,1640275193,Polska,Santa Clara,2342 Convallis, Road
89,Lycos,3584235401,Polska,Natchez,525-8369 Arcu Rd.
90,Cakewalk,2128070325,Polska,La Puente,836-5816 Et St.
91,Altavista,5937218912,Polska,Caguas,918-2232 Vitae Ave
92,Microsoft,4444726815,Polska,Agawam,Ap #246-1712 Est. Ave
93,Cakewalk,4248795964,Polska,Carson City,Ap #945-1691 Et Road
94,Apple Systems,5067544504,Polska,Colorado Springs,915-1871 Dui Rd.
95,Google,3763449995,Polska,Woodruff,133-1147 Non, Ave
96,Lavasoft,4972616015,Polska,Alhambra,376-169 Aliquet, Rd.
97,Microsoft,5814540701,Polska,Sierra Vista,216-5646 Facilisis St.
98,Adobe,9207342750,Polska,Sioux City,804-3007 Fermentum Av.
99,Altavista,1603776204,Polska,Roswell,920-7378 Aliquet Street
100,Lycos,8975002874,Polska,Thibodaux,5017 Mauris Street
101,Borland,5604580682,Polska,Laconia,820-622 Faucibus Av.
102,Apple Systems,3809845652,Polska,Meriden,P.O. Box 621, 576 Sem Ave
103,Cakewalk,5883882339,Polska,Spokane,Ap #375-6767 Duis Rd.
104,Google,5983722555,Polska,Woburn,Ap #129-983 Id, Rd.
105,Altavista,3983821147,Polska,Olean,P.O. Box 572, 3123 Mollis. Ave
106,Yahoo,1070909120,Polska,Newton,Ap #685-8570 Suspendisse Ave
107,Altavista,7048757848,Polska,Baltimore,1734 Sagittis Rd.
108,Adobe,4922970627,Polska,Marshall,Ap #256-859 Lobortis Rd.
109,Finale,7946166873,Polska,Calabasas,567 Sed Av.
110,Adobe,6063910186,Polska,Barrow,P.O. Box 979, 8640 Mus. Avenue
111,Lavasoft,6377017119,Polska,Wisconsin Rapids,Ap #860-1845 Morbi Avenue
112,Lycos,6650421502,Polska,Saint Albans,Ap #973-7748 Tellus, Street
113,Borland,5422927233,Polska,Forest Lake,948-7113 Lectus. St.
114,Cakewalk,7682801174,Polska,Mechanicville,P.O. Box 278, 388 Dui. Ave
115,Cakewalk,0957776897,Polska,Murray,Ap #212-5271 Dapibus Street
116,Lavasoft,1730207965,Polska,Thiensville,782-8837 Auctor St.
117,Lycos,9076488558,Polska,Dothan,Ap #423-9981 Elit, Ave
118,Apple Systems,8509374159,Polska,Rye,1792 Curabitur St.
119,Chami,2311921396,Polska,Malden,965-7748 Mus. Rd.
120,Altavista,7811931154,Polska,Boise,Ap #754-3081 Vitae St.
121,Yahoo,0799918320,Polska,Stockton,P.O. Box 763, 7665 Luctus St.
122,Lavasoft,7195184277,Polska,Lawrenceville,P.O. Box 942, 6876 Tellus Rd.
123,Adobe,1592444396,Polska,Berkeley,3824 Nam St.
124,Lavasoft,8939522066,Polska,Guayama,391-4959 Nulla. Street
125,Finale,7667952182,Polska,Stamford,829-960 Mauris. Rd.
126,Borland,3160749371,Polska,Chicago,Ap #682-4630 Libero Avenue
127,Sibelius,0461169552,Polska,Fontana,716-565 Rhoncus. Road
128,Lycos,6720342938,Polska,Los Angeles,P.O. Box 963, 4518 Mattis. St.
129,Sibelius,4531744164,Polska,Laughlin,P.O. Box 700, 1377 Et Avenue
130,Yahoo,7763070422,Polska,Carrollton,Ap #604-7829 Iaculis Ave
131,Yahoo,2770300115,Polska,Hartland,P.O. Box 224, 3417 Sed Ave
132,Altavista,3520234336,Polska,Lexington,6001 Nunc Avenue
133,Yahoo,9252883018,Polska,Kettering,4239 Dolor. Road
134,Google,6925277060,Polska,Butler,Ap #303-3548 Ipsum Avenue
135,Finale,3812065835,Polska,Johnson City,P.O. Box 434, 2468 Sed Rd.
136,Chami,1979000668,Polska,Benton Harbor,Ap #827-4299 Enim. Street
137,Apple Systems,7206097104,Polska,Portsmouth,1166 Sagittis Rd.
138,Apple Systems,7554751758,Polska,Texas City,Ap #460-7113 Et Street
139,Lavasoft,2657104612,Polska,Eatontown,2131 Nec, St.
140,Yahoo,6649206311,Polska,Barre,340-6073 Adipiscing. Rd.
141,Google,9865268331,Polska,Kearns,Ap #961-5310 Sit St.
142,Sibelius,6924587260,Polska,Marshfield,P.O. Box 102, 2391 Pellentesque, Rd.
143,Sibelius,1710966838,Polska,Jonesboro,P.O. Box 918, 4790 Sollicitudin Road
144,Sibelius,0957167735,Polska,Brea,Ap #705-2368 Sem, St.
145,Google,6676258925,Polska,Fallon,Ap #864-2212 Non Ave
146,Apple Systems,1748411900,Polska,Durant,P.O. Box 385, 8944 Metus Road
147,Adobe,6834328548,Polska,Mentor,P.O. Box 858, 2111 Orci. St.
148,Apple Systems,7275618804,Polska,Eufaula,9806 Volutpat Avenue
149,Lavasoft,1248414022,Polska,Waltham,P.O. Box 225, 6878 Vel Ave
150,Borland,3265740880,Polska,Camden,910-2309 Nec, St.
151,Microsoft,8201868367,Polska,Cudahy,734-2456 Vivamus Av.
152,Cakewalk,2784703386,Polska,Yakima,Ap #462-2596 Duis Av.
153,Microsoft,2909857880,Polska,Paramount,P.O. Box 452, 7578 Vulputate St.
154,Chami,1000108776,Polska,Moscow,P.O. Box 890, 6216 Elit Road
155,Altavista,3644655732,Polska,Jeffersontown,P.O. Box 522, 9617 Arcu. Av.
156,Adobe,9226662129,Polska,Muskogee,Ap #365-6549 Auctor Road
157,Altavista,2765921653,Polska,Sioux City,931-6794 Amet, Avenue
158,Macromedia,7854403720,Polska,Des Moines,Ap #661-1595 Pede. Av.
159,Chami,1309944081,Polska,El Monte,7120 Fames Road
160,Lycos,1432831786,Polska,Richmond,P.O. Box 545, 1641 Natoque Ave
161,Chami,1756074491,Polska,Duncan,3368 Malesuada. Avenue
162,Microsoft,1523279353,Polska,Saint Paul,P.O. Box 135, 4321 Mauris. Rd.
163,Chami,3899032825,Polska,Holyoke,1665 Quis, Road
164,Apple Systems,2685484517,Polska,Hot Springs,861 Vel Street
165,Macromedia,7439115500,Polska,Cambridge,Ap #640-512 At Ave
166,Yahoo,3318619865,Polska,Springfield,P.O. Box 459, 1886 Donec Rd.
167,Google,9872069157,Polska,Spartanburg,Ap #757-6423 Integer Rd.
168,Altavista,4122943535,Polska,Bessemer,P.O. Box 794, 9184 Vitae Road
169,Sibelius,6348677102,Polska,Lawrenceville,Ap #151-4924 Tristique Street
170,Microsoft,7531017798,Polska,Springfield,Ap #527-9990 Ipsum Road
171,Apple Systems,4179489667,Polska,Morgan City,Ap #898-1158 Gravida Rd.
172,Adobe,6938633539,Polska,Darlington,Ap #731-3169 Ut Rd.
173,Google,1220507932,Polska,Fremont,963-2414 Velit. Rd.
174,Chami,9141457526,Polska,Ventura,980-4194 Semper, Avenue
175,Macromedia,2243758223,Polska,Lufkin,P.O. Box 982, 5819 In, Street
176,Chami,1064402085,Polska,Franklin,536-930 Sed St.
177,Macromedia,5745399419,Polska,Fernley,Ap #830-5753 Pede Street
178,Borland,0278721626,Polska,Sanford,Ap #514-4363 Eu, Avenue
179,Yahoo,5938615932,Polska,Charlotte,898-5497 Sed St.
180,Finale,3012309569,Polska,Sonoma,8227 Pede. St.
181,Adobe,6540652952,Polska,Lawrence,112-2554 Vel St.
182,Microsoft,6421828357,Polska,West Haven,P.O. Box 984, 6170 Lacinia Street
183,Lycos,1615833017,Polska,New Rochelle,313-8540 Mauris. Ave
184,Borland,6493551992,Polska,Bristol,P.O. Box 454, 3401 Ultrices. Avenue
185,Sibelius,4938964583,Polska,Kokomo,P.O. Box 133, 5356 Amet Rd.
186,Apple Systems,5324603248,Polska,Brownsville,P.O. Box 370, 5104 Iaculis, Road
187,Google,1014351493,Polska,Uniontown,2217 Egestas Rd.
188,Adobe,6737842103,Polska,New Brunswick,Ap #848-2719 Risus Ave
189,Google,6863132664,Polska,Newton,Ap #767-5704 Dolor St.
190,Sibelius,9158790026,Polska,Plattsburgh,Ap #703-8927 Donec Street
191,Apple Systems,7738315226,Polska,Lawndale,P.O. Box 261, 636 Quisque Road
192,Lavasoft,0278661814,Polska,Athens,1967 Elit, Avenue
193,Lavasoft,0020208960,Polska,Providence,6296 Duis Road
194,Adobe,3513544843,Polska,Reedsport,878-7452 Ac Street
195,Adobe,6251496834,Polska,Glendora,106-7101 Magnis Street
196,Altavista,0513137096,Polska,Jeffersontown,P.O. Box 762, 4379 Nec St.
197,Chami,1556787068,Polska,Batavia,Ap #430-4056 Rhoncus. Street
198,Finale,4339897677,Polska,Garland,Ap #937-4095 Non, Av.
199,Apple Systems,1024422399,Polska,Cedar Rapids,6038 Tempus Street
200,Macromedia,3524649071,Polska,La Verne,Ap #491-3686 Mus. St.
201,Adobe,5651898399,Polska,Anaconda,Ap #260-9967 Nisi Road
202,Altavista,2838357330,Polska,Davis,672-7537 Dictum St.
203,Altavista,8036420993,Polska,East Hartford,Ap #127-8462 Nec, Rd.
204,Lycos,2132406605,Polska,Ogden,Ap #920-3534 Aliquet Av.
205,Sibelius,6808232209,Polska,Elkhart,Ap #521-2806 Tellus. Rd.
206,Lycos,9208280612,Polska,Palo Alto,792-1919 Semper. Rd.
207,Macromedia,2504587493,Polska,Montpelier,Ap #802-3589 Ipsum St.
208,Google,2098143018,Polska,Wausau,P.O. Box 607, 1340 Amet, Road
209,Google,3274255695,Polska,Roswell,239-7010 Metus Rd.
210,Apple Systems,1924666122,Polska,Atwater,3587 Mauris St.
211,Lavasoft,7919833400,Polska,Murfreesboro,Ap #214-3878 Morbi Street
212,Microsoft,9868957391,Polska,Holyoke,Ap #395-4247 Dolor Av.
213,Apple Systems,6355934418,Polska,Ketchikan,165-9207 Auctor Street
214,Finale,8401950305,Polska,La Puente,1493 Nunc. Avenue
215,Apple Systems,5623124085,Polska,Ketchikan,8599 Dolor, St.
216,Yahoo,6382005130,Polska,Dayton,Ap #270-5654 Vitae, Rd.
217,Macromedia,6170090142,Polska,Manitowoc,233 Ac Road
218,Altavista,1148318319,Polska,McAlester,P.O. Box 186, 6260 Est St.
219,Finale,0412895089,Polska,Chester,9907 Nunc. Rd.
220,Borland,5396819714,Polska,Seaford,8433 Ac Road
221,Google,7802109028,Polska,Sioux Falls,Ap #501-7336 Integer Street
222,Cakewalk,9147279360,Polska,Moline,8631 Sed Avenue
223,Yahoo,7377515795,Polska,Bradbury,Ap #214-4521 Praesent Rd.
224,Borland,3386152319,Polska,Decatur,1745 Non St.
225,Google,4818195357,Polska,Newcastle,3078 Aliquam Ave
226,Lavasoft,3097905000,Polska,Idaho Springs,P.O. Box 391, 5133 Dolor Av.
227,Lavasoft,3204183244,Polska,Fort Worth,3663 Sed Av.
228,Lavasoft,0183497580,Polska,Sitka,P.O. Box 822, 3189 Sed Rd.
229,Finale,0731675551,Polska,Grand Junction,Ap #222-1781 Praesent St.
230,Adobe,3490816672,Polska,Coos Bay,9772 Eu, Rd.
231,Altavista,2955456373,Polska,Westminster,P.O. Box 489, 2029 Amet Rd.
232,Lavasoft,8428972546,Polska,Cruz Bay,Ap #485-7425 Felis Rd.
233,Google,0484774509,Polska,Winooski,2324 Dis St.
234,Microsoft,9060555239,Polska,Saint Cloud,9974 Rutrum Avenue
235,Borland,3873843399,Polska,Oakland,678-8366 Auctor Av.
236,Adobe,2500249682,Polska,Nashville,5956 Ac Avenue
237,Sibelius,0662273412,Polska,Bayamon,Ap #673-4829 Nec Rd.
238,Apple Systems,6443175800,Polska,York,8074 Risus. St.
239,Lycos,8745299364,Polska,DeKalb,P.O. Box 973, 5773 Ultrices. Rd.
240,Chami,9736288182,Polska,Signal Hill,Ap #823-7066 Massa. Rd.
241,Sibelius,1429791683,Polska,La Palma,5481 Quis St.
242,Macromedia,3764183975,Polska,Needham,P.O. Box 675, 1498 Hendrerit Avenue
243,Altavista,8826577407,Polska,Coos Bay,5585 Pede, Road
244,Yahoo,7896722390,Polska,Prescott,6493 Id, Av.
245,Yahoo,2550356179,Polska,La Habra Heights,P.O. Box 734, 7586 Magna Avenue
246,Lavasoft,1366860331,Polska,Bradbury,2139 Proin Rd.
247,Finale,7458725585,Polska,West Palm Beach,P.O. Box 511, 4008 Eget Ave
248,Lycos,4818405651,Polska,Memphis,8282 In St.
249,Lavasoft,8152970386,Polska,Artesia,Ap #510-9923 Tristique Av.
250,Lavasoft,1372992706,Polska,Montpelier,6171 Proin Rd.
251,Apple Systems,7949322324,Polska,Beaver Falls,Ap #182-7735 Vel St.
252,Google,8977470693,Polska,Truth or Consequences,P.O. Box 576, 1138 Facilisis Rd.
253,Lavasoft,0349123829,Polska,Sandy,P.O. Box 220, 1217 Parturient Av.
254,Adobe,3896388526,Polska,Sherrill,Ap #165-6851 Mauris Rd.
255,Borland,1080053939,Polska,Clarksburg,542-2560 Tincidunt Ave
256,Lycos,0641542081,Polska,Kennesaw,538-7205 Nulla Road
257,Yahoo,1687092523,Polska,Indianapolis,P.O. Box 757, 2628 Feugiat Ave
258,Borland,8755525551,Polska,San Angelo,P.O. Box 679, 7319 Eros. Rd.
259,Borland,5663118474,Polska,Alamogordo,4669 Commodo Street
260,Lavasoft,6372935153,Polska,Nanticoke,Ap #258-855 Morbi Av.
261,Macromedia,8961780032,Polska,North Pole,6325 Consectetuer Av.
262,Google,6335396087,Polska,Broken Arrow,9899 Ut, Avenue
263,Finale,0867192489,Polska,Lewiston,Ap #921-6197 Orci. Ave
264,Google,8946627552,Polska,Kettering,P.O. Box 195, 3714 Ut Ave
265,Finale,9349815181,Polska,Norwich,P.O. Box 911, 7369 Enim. Rd.
266,Borland,3397786847,Polska,Salem,1176 Sagittis Road
267,Macromedia,2325612409,Polska,Gardena,P.O. Box 978, 1020 Bibendum. Ave
268,Yahoo,7810066290,Polska,Erie,Ap #621-5323 Ipsum. Road
269,Adobe,9207308070,Polska,Baldwin Park,2500 Pellentesque Road
270,Cakewalk,4484781189,Polska,College Park,P.O. Box 464, 3988 Et, St.
271,Yahoo,5480227148,Polska,Woodruff,Ap #506-2669 Ut St.
272,Lavasoft,1886789950,Polska,Hannibal,4036 Vivamus St.
273,Cakewalk,0732619399,Polska,Fort Worth,Ap #856-954 Magna St.
274,Lycos,5903220423,Polska,Gilbert,1635 Enim. Ave
275,Lycos,0826720050,Polska,Klamath Falls,8754 Et Rd.
276,Borland,6536353083,Polska,Centennial,Ap #135-8575 Non, Road
277,Yahoo,0985258889,Polska,North Little Rock,5462 Vitae St.
278,Borland,5875760919,Polska,Santa Barbara,225-171 Amet, Avenue
279,Macromedia,4772520139,Polska,Greenfield,308-2258 Natoque Ave
280,Lycos,7675301603,Polska,Appleton,819-9937 Dolor. Rd.
281,Adobe,3890653760,Polska,Rocky Mount,5809 Ac St.
282,Google,8121021775,Polska,Jeannette,P.O. Box 385, 6875 Mauris Rd.
283,Google,7609920247,Polska,Alamogordo,655-3487 Sit St.
284,Altavista,0657746949,Polska,Isle of Palms,417-3538 Amet Avenue
285,Finale,3170647017,Polska,Mesa,685 Odio. St.
286,Finale,5279359997,Polska,Bend,Ap #351-6999 Enim Rd.
287,Finale,2635438928,Polska,Urbana,P.O. Box 561, 5620 Tortor. Avenue
288,Lavasoft,0527981260,Polska,Meriden,Ap #502-894 Ridiculus St.
289,Adobe,8274554367,Polska,Basin,Ap #774-8525 Nunc Street
290,Lycos,2935680124,Polska,Spokane Valley,Ap #391-1258 Ut Rd.
291,Altavista,5904361163,Polska,Jeannette,740-8346 At Street
292,Adobe,8527671282,Polska,Washington,P.O. Box 549, 1273 Quam Rd.
293,Macromedia,3999175887,Polska,Pierre,7341 Egestas. Ave
294,Altavista,9782672757,Polska,Monrovia,482-3208 Euismod Rd.
295,Apple Systems,8996722540,Polska,Belleville,834-9129 Rhoncus. Rd.
296,Lycos,4293161497,Polska,Tulsa,P.O. Box 642, 2102 Proin Ave
297,Altavista,1934975590,Polska,Latrobe,445-976 Non Avenue
298,Google,6985225081,Polska,Waycross,Ap #859-741 Consequat, Rd.
299,Borland,7426289549,Polska,Hornell,229-4727 Eu Avenue
300,Sibelius,6650813709,Polska,Camden,Ap #952-6085 Erat Street
301,Lycos,8894302540,Polska,Murfreesboro,Ap #668-8084 Sociis St.
302,Macromedia,7625569694,Polska,Bakersfield,190-6962 Euismod St.
303,Finale,4040296992,Polska,Temecula,4750 A Street
304,Sibelius,6480430737,Polska,Providence,Ap #687-3156 At, Avenue
305,Borland,1076971288,Polska,McKeesport,5397 Luctus. Rd.
306,Chami,9091067948,Polska,Corinth,Ap #806-3972 Dolor Av.
307,Chami,7497418097,Polska,Logan,Ap #622-7370 Mi Avenue
308,Borland,7032016197,Polska,Athens,7660 Fermentum Street
309,Lycos,9997039046,Polska,Citrus Heights,P.O. Box 306, 6094 Quis Road
310,Yahoo,0269239639,Polska,Boise,Ap #417-3498 Eget St.
311,Yahoo,0172875261,Polska,Nenana,Ap #759-8226 Ac Street
312,Macromedia,5937766418,Polska,Beckley,Ap #651-793 At, Rd.
313,Cakewalk,2881169723,Polska,Walnut,655-992 Leo Road
314,Lavasoft,5414325023,Polska,Glendale,988-5586 Dignissim Street
315,Chami,6771924175,Polska,Idaho Falls,4102 Tempor Av.
316,Google,5202083918,Polska,Chesapeake,Ap #139-2140 Neque Road
317,Sibelius,3986906846,Polska,Alamogordo,5751 Cubilia Av.
318,Adobe,6639525532,Polska,Idaho Springs,109-6512 Eget, Av.
319,Borland,6282677933,Polska,Eureka,P.O. Box 519, 1409 Tellus Ave
320,Sibelius,4247064843,Polska,Coatesville,4813 Id Rd.
321,Lycos,7382620694,Polska,Kokomo,Ap #245-4550 Ut Av.
322,Yahoo,5879795091,Polska,Waukegan,284-2814 Sed Rd.
323,Lycos,7846533594,Polska,Lincoln,7317 Ipsum Road
324,Apple Systems,3331277811,Polska,Hope,1929 Donec Rd.
325,Altavista,4137569746,Polska,New London,P.O. Box 771, 3885 Lacus. Av.
326,Sibelius,0692077664,Polska,Chicago Heights,1342 Amet St.
327,Yahoo,4105897864,Polska,Macomb,Ap #660-940 Nunc Avenue
328,Yahoo,0942900879,Polska,Monongahela,2159 Eu Road
329,Adobe,3013956966,Polska,Santa Clarita,648-9968 Nulla. Rd.
330,Finale,1742882441,Polska,Ashland,722-3192 Nam Avenue
331,Lycos,4201630554,Polska,Woonsocket,P.O. Box 614, 9002 Quis, Rd.
332,Adobe,3215232638,Polska,Brookfield,2879 Tellus Av.
333,Yahoo,8882008330,Polska,Wahoo,P.O. Box 503, 7191 Aenean Avenue
334,Lycos,4242162146,Polska,Juneau,P.O. Box 542, 5948 Pretium Rd.
335,Chami,6448869590,Polska,Winston-Salem,Ap #212-6189 Mauris Rd.
336,Adobe,3857346031,Polska,Winnemucca,Ap #993-6447 Ipsum St.
337,Google,6194767127,Polska,Miami Gardens,P.O. Box 523, 3072 Nam Ave
338,Finale,0602540221,Polska,Macon,7160 Auctor Ave
339,Macromedia,8389981421,Polska,Pueblo,P.O. Box 536, 1256 Sit Road
340,Lycos,8411201126,Polska,Huntington Beach,8096 Curabitur Road
341,Chami,6695016328,Polska,Kansas City,9573 Et Road
342,Borland,5732327444,Polska,Salem,P.O. Box 321, 6516 In St.
343,Macromedia,2999212587,Polska,Batavia,4494 Primis Rd.
344,Altavista,0462451764,Polska,Gold Beach,765-6388 Dapibus St.
345,Chami,2657371999,Polska,Nevada City,P.O. Box 530, 6903 Rhoncus. Street
346,Altavista,6743227046,Polska,Wichita Falls,672-4007 Aliquam Street
347,Cakewalk,0907340511,Polska,Agawam,164-4130 Lacinia St.
348,Finale,3773756152,Polska,Gardner,P.O. Box 826, 6544 Nunc Street
349,Macromedia,4942679141,Polska,Rosemead,125-6375 Curae; Rd.
350,Chami,0389706507,Polska,Woodruff,Ap #770-451 Amet Rd.
351,Sibelius,8572470435,Polska,Martinsburg,7154 Enim. Rd.
352,Google,3792375755,Polska,East Lansing,361 Aliquam St.
353,Altavista,8082885150,Polska,Wausau,P.O. Box 957, 7555 Arcu. Rd.
354,Microsoft,2452280042,Polska,New Haven,Ap #264-4233 Nec St.
355,Macromedia,9853475386,Polska,South Pasadena,427-9486 Suspendisse Street
356,Lycos,9478903766,Polska,Nampa,Ap #598-9497 Porttitor Rd.
357,Adobe,0384164201,Polska,Sunbury,P.O. Box 330, 4949 Semper Ave
358,Microsoft,3757508240,Polska,Forest Lake,P.O. Box 417, 1250 Donec Avenue
359,Sibelius,2609285268,Polska,Poughkeepsie,724-2052 Mauris St.
360,Macromedia,2868960723,Polska,Lancaster,P.O. Box 402, 3618 Luctus, St.
361,Google,2841430138,Polska,Huntsville,Ap #722-5920 Placerat, Road
362,Sibelius,6064579880,Polska,Concord,816 Pharetra. Rd.
363,Chami,5851815394,Polska,Davis,531-9685 Id Rd.
364,Altavista,8097505769,Polska,Paramount,620-6193 Fusce St.
365,Yahoo,5676642609,Polska,Fort Smith,323-1281 Et Ave
366,Cakewalk,8164931358,Polska,Kenner,327-4941 Non St.
367,Adobe,3425174488,Polska,Batavia,Ap #798-7595 Viverra. Street
368,Apple Systems,0605966601,Polska,Lomita,P.O. Box 228, 8567 Phasellus St.
369,Macromedia,2929078644,Polska,Riverside,Ap #813-1681 Donec Avenue
370,Lavasoft,3972263940,Polska,Grand Island,9703 Imperdiet Av.
371,Apple Systems,1505578741,Polska,Plainfield,P.O. Box 942, 281 Fermentum St.
372,Cakewalk,6011067845,Polska,Florence,845-2871 Ante Street
373,Yahoo,9689800478,Polska,The Dalles,Ap #574-4110 Lectus St.
374,Altavista,7483281286,Polska,Belleville,903-251 Ac Rd.
375,Microsoft,6330273196,Polska,Agat,Ap #187-1240 Cursus Ave
376,Lavasoft,3947259091,Polska,Arcadia,Ap #413-8537 In St.
377,Cakewalk,8467930531,Polska,Kansas City,P.O. Box 621, 8003 Scelerisque, St.
378,Macromedia,2007787192,Polska,Lake Forest,2983 Est, Ave
379,Yahoo,8400508295,Polska,Gold Beach,161 Amet Av.
380,Borland,3441842351,Polska,Morgan City,3774 Nec Ave
381,Sibelius,1935476219,Polska,Nevada City,P.O. Box 212, 7894 Lacus. St.
382,Apple Systems,6636990662,Polska,San Antonio,708-908 Cursus Av.
383,Lycos,2879238134,Polska,Roswell,584-7187 Tristique Street
384,Apple Systems,9898580972,Polska,Gardena,4920 Euismod Avenue
385,Lavasoft,2891690280,Polska,Dearborn,Ap #762-2703 Fringilla Street
386,Sibelius,8226143146,Polska,Walla Walla,793-4156 Felis. Av.
387,Adobe,2334596937,Polska,Hackensack,8368 Nec, Ave
388,Altavista,2695929416,Polska,Jordan Valley,5158 Dictum Rd.
389,Macromedia,0263958888,Polska,Hannibal,5419 Amet, Rd.
390,Sibelius,6727990858,Polska,Rosemead,P.O. Box 390, 2017 Aenean Ave
391,Adobe,0237417316,Polska,Trenton,P.O. Box 728, 5212 Adipiscing Road
392,Chami,5897272346,Polska,Lafayette,485-7299 Et Rd.
393,Lavasoft,2531403126,Polska,Muskogee,Ap #452-6044 Mollis St.
394,Borland,6221536568,Polska,Spartanburg,Ap #534-588 Risus. Road
395,Microsoft,0342657923,Polska,Palm Springs,P.O. Box 503, 9303 Sapien. St.
396,Lycos,6480806486,Polska,Overland Park,Ap #446-3595 Augue Street
397,Macromedia,2706505679,Polska,Macon,Ap #767-3403 Integer Rd.
398,Cakewalk,3831807953,Polska,Richland,P.O. Box 209, 6312 Fusce Avenue
399,Chami,0408817887,Polska,Indianapolis,1929 Imperdiet Rd.
400,Finale,0951469277,Polska,Cape May,Ap #932-9578 Neque Rd.
401,Cakewalk,7107711314,Polska,Buena Park,3947 At Rd.
402,Apple Systems,3040257979,Polska,Fountain Valley,832-9709 Curabitur Road
403,Microsoft,4395708277,Polska,Akron,1255 Ipsum St.
404,Microsoft,5430736534,Polska,San Dimas,8186 Orci. St.
405,Altavista,7613144870,Polska,Haverhill,P.O. Box 269, 7289 Amet Rd.
406,Lycos,2709840389,Polska,Brookings,P.O. Box 557, 4713 Euismod Street
407,Adobe,6863861365,Polska,Cortland,P.O. Box 919, 8363 Donec Rd.
408,Adobe,6704433056,Polska,Rhinelander,741-726 In Av.
409,Sibelius,6404558989,Polska,Livonia,Ap #503-585 Ut Ave
410,Macromedia,7112157647,Polska,Miami,P.O. Box 175, 8024 Malesuada St.
411,Chami,5086218794,Polska,Duarte,Ap #855-1756 Libero. St.
412,Microsoft,9500472550,Polska,Liberal,P.O. Box 151, 9215 Gravida Street
413,Sibelius,4020024750,Polska,Gaithersburg,893-6486 Imperdiet Rd.
414,Apple Systems,1981282520,Polska,Basin,Ap #832-7086 Sit Road
415,Finale,4054876601,Polska,Weymouth,526-8861 Non, Street
416,Lavasoft,9620269036,Polska,Bessemer,P.O. Box 752, 8382 Ac Rd.
417,Yahoo,5641943534,Polska,Thomasville,622-6785 Integer Rd.
418,Microsoft,7834253789,Polska,Citrus Heights,P.O. Box 813, 2318 Tellus. Av.
419,Sibelius,7185538076,Polska,Wahoo,P.O. Box 550, 9822 Pede Av.
420,Chami,2823689079,Polska,Poughkeepsie,244-1200 Euismod Av.
421,Google,9897123914,Polska,Pasco,P.O. Box 998, 5168 Vivamus St.
422,Lavasoft,0118080329,Polska,Lexington,Ap #836-6939 Nunc Rd.
423,Microsoft,8789879772,Polska,Arcadia,Ap #395-3804 Et Ave
424,Finale,0358146844,Polska,Memphis,P.O. Box 471, 1876 Viverra. Rd.
425,Google,8131612180,Polska,Meridian,P.O. Box 739, 8683 Velit. Rd.
426,Finale,8379686718,Polska,Nanticoke,8607 Non Road
427,Yahoo,5743023700,Polska,Martinsburg,P.O. Box 480, 2708 Nonummy Av.
428,Google,9186527764,Polska,Steubenville,P.O. Box 598, 1732 Ultricies St.
429,Yahoo,0011887154,Polska,Port Washington,177-4355 Diam. Road
430,Lavasoft,5675884655,Polska,Downey,464-6280 Pulvinar Street
431,Apple Systems,3640308145,Polska,Port Huron,2014 Vel, Av.
432,Finale,1425075374,Polska,Manassas,P.O. Box 206, 7455 Eu Avenue
433,Altavista,6821071735,Polska,Las Cruces,Ap #756-2774 Metus St.
434,Apple Systems,5663874681,Polska,Altoona,4226 Varius. Rd.
435,Apple Systems,8403067931,Polska,Newton,Ap #667-9719 Posuere Street
436,Apple Systems,0894825505,Polska,Thibodaux,P.O. Box 529, 7889 Sem St.
437,Lavasoft,3332381636,Polska,Normal,298 A Rd.
438,Cakewalk,0534966258,Polska,Torrance,Ap #789-935 Eget Rd.
439,Adobe,0436776449,Polska,Worcester,8160 Ornare Av.
440,Lavasoft,4875202088,Polska,Lima,633-6323 Sit Av.
441,Lycos,3052804824,Polska,Plattsburgh,P.O. Box 926, 4810 Feugiat Avenue
442,Yahoo,9769388336,Polska,Newark,Ap #821-3902 Fringilla Road
443,Cakewalk,8816419293,Polska,Narragansett,118-7026 Quis, Avenue
444,Microsoft,2560734927,Polska,Tok,Ap #595-8038 Est Road
445,Borland,8364062311,Polska,Nanticoke,P.O. Box 415, 5741 Pharetra St.
446,Lavasoft,4528168782,Polska,Williamsburg,601 Lacus. Av.
447,Finale,0355873032,Polska,Santa Cruz,2724 Pellentesque Road
448,Cakewalk,3734189052,Polska,Atwater,1894 Nec Rd.
449,Sibelius,8831665755,Polska,Seal Beach,110 Aliquet Av.
450,Macromedia,8476308974,Polska,San Clemente,Ap #424-7667 Libero Avenue
451,Adobe,6401174264,Polska,Anchorage,107-8669 Sed, Street
452,Adobe,2596608350,Polska,Altoona,P.O. Box 356, 4216 Quisque St.
453,Google,3758725809,Polska,Hammond,301-9997 Dolor Avenue
454,Chami,9077564712,Polska,San Luis Obispo,9736 Pede. Rd.
455,Google,9369336991,Polska,Phoenix,251-1099 Dolor. Road
456,Cakewalk,8501195565,Polska,Las Vegas,Ap #325-7171 Risus, St.
457,Sibelius,1016138193,Polska,Roswell,Ap #727-4228 Tortor Av.
458,Yahoo,0600871252,Polska,Commerce,Ap #738-6036 Laoreet St.
459,Microsoft,8275374096,Polska,Norman,Ap #282-5542 Nunc Av.
460,Apple Systems,4257910751,Polska,Opelousas,1771 Mauris Av.
461,Google,0835092003,Polska,Sacramento,972-2669 Donec Rd.
462,Lycos,1319760790,Polska,Santa Monica,801-2974 Eu Av.
463,Google,4498686393,Polska,Elizabeth City,Ap #891-6516 Massa St.
464,Borland,9893780643,Polska,Nampa,Ap #977-1557 Ipsum Rd.
465,Lycos,7166103900,Polska,La Verne,955-2735 Vitae, Rd.
466,Adobe,9531202232,Polska,Gastonia,Ap #159-9960 Bibendum Ave
467,Chami,2418820843,Polska,Evanston,Ap #473-3809 Est Ave
468,Adobe,3048127336,Polska,Shreveport,Ap #411-6721 Sit Avenue
469,Chami,5685077241,Polska,Myrtle Beach,237-4877 Nulla Avenue
470,Macromedia,0076936609,Polska,Brookings,192-8111 Sagittis. Rd.
471,Lavasoft,3684353619,Polska,Port Arthur,6744 Odio St.
472,Adobe,0983578921,Polska,Modesto,594-1988 Elit, St.
473,Lavasoft,7076912691,Polska,South Burlington,318-9989 Donec Ave
474,Chami,9930609725,Polska,Rochester,1479 Lectus Road
475,Microsoft,7827758467,Polska,Covington,3658 Felis, Street
476,Chami,9037855613,Polska,Asheville,P.O. Box 752, 4232 Mollis St.
477,Yahoo,6657936582,Polska,Orange,352-5335 Dictum. Street
478,Macromedia,8884364729,Polska,Monroe,7884 Tellus. Rd.
479,Cakewalk,9867752016,Polska,Seattle,923-2638 Libero. Rd.
480,Borland,4943520141,Polska,Fort Wayne,Ap #796-3461 Id, Avenue
481,Macromedia,5774200402,Polska,Waltham,P.O. Box 238, 2658 Elit. Rd.
482,Altavista,5282035149,Polska,Dalton,289-147 Curabitur Avenue
483,Macromedia,1464395646,Polska,Butler,3970 Vitae Av.
484,Cakewalk,6198652958,Polska,North Platte,4606 Auctor, Rd.
485,Apple Systems,3429617260,Polska,Danville,2081 Ligula. Av.
486,Sibelius,6760189797,Polska,Austin,874-5932 Eget Ave
487,Finale,1629220028,Polska,Astoria,Ap #708-2089 Velit Avenue
488,Altavista,9275468779,Polska,Virginia Beach,5379 Est Avenue
489,Yahoo,0919185643,Polska,Greensboro,813-2364 Vitae Street
490,Sibelius,4613715671,Polska,Bridgeport,455-7801 Mollis Rd.
491,Finale,2638766912,Polska,Newcastle,Ap #811-6889 Lectus Road
492,Finale,7133420199,Polska,Fajardo,Ap #616-3585 Nulla Rd.
493,Lycos,2343678989,Polska,Staunton,P.O. Box 504, 8618 Elit, Street
494,Apple Systems,1834271051,Polska,Starkville,Ap #870-329 Non, Avenue
495,Chami,8787030840,Polska,Highland Park,5730 Magna Avenue
496,Chami,3832619759,Polska,Lynwood,6345 Ut St.
497,Cakewalk,3047979599,Polska,Fulton,5085 Sodales Av.
498,Sibelius,2926063032,Polska,Nashua,8111 Pharetra. St.
499,Adobe,9092028082,Polska,Bossier City,Ap #630-6387 Sed Rd.
500,Sibelius,8949969150,Polska,Alexandria,307-8501 Interdum St.
501,Chami,9198688279,Polska,South Portland,Ap #987-2758 Iaculis, St.
502,Microsoft,6598474267,Polska,Bandon,6310 Tellus. Rd.
503,Macromedia,0247735119,Polska,Kearney,422-3092 Donec Ave
504,Yahoo,0722199451,Polska,Martinsburg,327-911 Molestie Rd.
505,Lavasoft,1878199194,Polska,Orlando,P.O. Box 692, 2390 Nullam Avenue
506,Borland,3062744745,Polska,Pascagoula,8579 Laoreet Street
507,Microsoft,9703866611,Polska,Hazleton,P.O. Box 596, 9138 Lacus. Ave
508,Macromedia,2600648315,Polska,Middletown,P.O. Box 893, 9451 Molestie Av.
509,Adobe,5221238712,Polska,Santa Ana,P.O. Box 620, 319 Vivamus Av.
510,Lycos,7729032329,Polska,Manassas,P.O. Box 366, 7740 Ac Ave
511,Chami,4032232656,Polska,Valdez,382-3642 Turpis St.
512,Altavista,6547869196,Polska,Rutland,739-9748 Porttitor Rd.
513,Sibelius,7942411112,Polska,Baton Rouge,Ap #442-3803 Pede. St.
514,Cakewalk,6586010221,Polska,Joplin,618-8268 Mus. St.
515,Sibelius,6692553655,Polska,Utica,916-2816 Pharetra. St.
516,Lycos,2919934461,Polska,Beverly,3083 Risus. St.
517,Borland,5947966891,Polska,Hayward,963-3814 Mus. Street
518,Lycos,9219788357,Polska,Hermitage,P.O. Box 154, 5696 Lacinia. St.
519,Finale,8500608582,Polska,Boulder Junction,6832 Pretium Rd.
520,Finale,8066677275,Polska,Saint Cloud,1968 Non Av.
521,Lycos,9138205873,Polska,Basin,1581 Enim. Avenue
522,Yahoo,6555784999,Polska,Rawlins,2266 Montes, Street
523,Sibelius,8784330024,Polska,Whittier,Ap #865-7458 Est, Rd.
524,Lavasoft,2280133543,Polska,Saint Paul,3600 Et, Road
525,Yahoo,5748038171,Polska,Ogden,110-9626 Nam Rd.
526,Adobe,0938418799,Polska,Lewiston,Ap #768-673 Cursus Rd.
527,Macromedia,2731015293,Polska,Champaign,600-4650 Ac Av.
528,Cakewalk,3770081143,Polska,Cairo,P.O. Box 695, 8317 Cras Rd.
529,Chami,2450260182,Polska,Moline,759-4237 Mauris Road
530,Borland,0675277888,Polska,Palo Alto,4204 Mollis. Rd.
531,Yahoo,7158724001,Polska,Toledo,Ap #923-4972 Convallis St.
532,Altavista,7828316657,Polska,Princeton,Ap #758-1904 Commodo Rd.
533,Macromedia,7295489556,Polska,Bessemer,8263 Neque. Road
534,Cakewalk,0948134613,Polska,Connellsville,906-3662 Ridiculus St.
535,Sibelius,9568950396,Polska,Los Alamitos,P.O. Box 454, 1614 Nullam Av.
536,Cakewalk,0155835448,Polska,Irwindale,9901 Aliquam Road
537,Finale,5646891737,Polska,Carrollton,Ap #928-9708 Ornare, Rd.
538,Altavista,5582041068,Polska,Jeffersonville,P.O. Box 949, 5348 Lorem Avenue
539,Chami,9755586096,Polska,North Pole,8056 A St.
540,Chami,2022778364,Polska,Grand Island,4960 Blandit St.
541,Google,0153175954,Polska,Durham,Ap #878-9901 In Av.
542,Sibelius,6837479128,Polska,Pascagoula,5634 In St.
543,Borland,1098925304,Polska,Laguna Beach,P.O. Box 994, 3461 Enim, Street
544,Altavista,9989869122,Polska,Chattanooga,943-8499 Placerat, Ave
545,Macromedia,9949747439,Polska,Olympia,306-5213 Sagittis St.
546,Google,4493981356,Polska,New Iberia,P.O. Box 597, 5868 In Street
547,Google,0475414227,Polska,Sandy Springs,219-5584 Volutpat. Road
548,Borland,6101965018,Polska,Fall River,P.O. Box 371, 8956 Curabitur Rd.
549,Cakewalk,8430559109,Polska,Fayetteville,P.O. Box 554, 4078 Ipsum. Street
550,Cakewalk,8413729210,Polska,Grass Valley,P.O. Box 422, 5803 Magna. Road
551,Altavista,1136363556,Polska,Riverside,594 Ornare Avenue
552,Macromedia,0582718181,Polska,Peoria,193-7938 Curabitur Av.
553,Cakewalk,2958875066,Polska,Waco,688-7757 Eu Street
554,Sibelius,0670258009,Polska,Pascagoula,Ap #135-2547 Morbi Av.
555,Finale,7104807397,Polska,Lafayette,P.O. Box 780, 9568 A Road
556,Sibelius,4396434408,Polska,Huntsville,337-5168 Sed Road
557,Finale,2215179524,Polska,Murfreesboro,521-1236 Aenean Av.
558,Lycos,3545797592,Polska,Salisbury,2050 Vitae, Av.
559,Lavasoft,7460015713,Polska,Dodge City,P.O. Box 478, 4416 Mollis. Rd.
560,Sibelius,7002702859,Polska,West Memphis,P.O. Box 537, 2079 Curabitur St.
561,Borland,4215232261,Polska,Sierra Madre,Ap #767-1180 Integer St.
562,Lycos,5347599922,Polska,Michigan City,P.O. Box 524, 7856 Nulla. St.
563,Yahoo,2965331331,Polska,Mentor,6054 Et Rd.
564,Chami,0582548980,Polska,Decatur,7257 Nulla St.
565,Lycos,9170753291,Polska,Cleveland,936-3162 Facilisis St.
566,Apple Systems,4516213846,Polska,San Angelo,Ap #847-2510 Natoque Av.
567,Borland,3409662700,Polska,El Monte,5886 Lacinia. Av.
568,Apple Systems,8041550122,Polska,West Sacramento,P.O. Box 145, 1434 Tellus. Street
569,Microsoft,0271787298,Polska,Lock Haven,5772 Dictum Av.
570,Adobe,9259521318,Polska,New Brunswick,P.O. Box 403, 5381 Enim Ave
571,Microsoft,2385881194,Polska,Denver,527-1744 Luctus St.
572,Cakewalk,8261119920,Polska,Temecula,Ap #775-6380 Nisi Street
573,Cakewalk,4417028227,Polska,Lansing,P.O. Box 717, 3410 Auctor Ave
574,Microsoft,5729999181,Polska,La Mirada,2860 Facilisis, Ave
575,Macromedia,3408228117,Polska,Gardner,5949 Aliquam Avenue
576,Sibelius,3266765983,Polska,Brigham City,165-1740 Aliquam St.
577,Cakewalk,8960538298,Polska,Cedar City,P.O. Box 529, 3580 Amet Avenue
578,Lavasoft,9798304787,Polska,New Albany,5592 Quis, Av.
579,Chami,6646335739,Polska,Isle of Palms,P.O. Box 838, 5739 Elit, Ave
580,Macromedia,9586049397,Polska,Port Huron,6360 Mi, St.
581,Chami,8577154193,Polska,Lomita,P.O. Box 870, 2294 Ac St.
582,Google,7222004545,Polska,McAlester,935-2923 Porta St.
583,Adobe,5827057193,Polska,Mayagüez,646-3661 Rutrum, Avenue
584,Chami,1539810491,Polska,Huntsville,1838 Tincidunt Ave
585,Microsoft,9750390101,Polska,New Bedford,P.O. Box 383, 151 Urna. Street
586,Google,6894498400,Polska,Manassas Park,Ap #457-6361 Odio. Rd.
587,Apple Systems,4722777751,Polska,Port Orford,1757 Mauris Ave
588,Altavista,3418240918,Polska,Olympia,332-7839 Est St.
589,Lavasoft,7161244753,Polska,Stanton,Ap #541-4143 Varius St.
590,Chami,9500223760,Polska,Gadsden,547 Urna Avenue
591,Cakewalk,6435046369,Polska,Bay City,325-9741 Proin St.
592,Chami,1586936309,Polska,Vincennes,P.O. Box 149, 4452 Elit. St.
593,Cakewalk,0735594867,Polska,Union City,6609 Facilisis Ave
594,Adobe,3093729213,Polska,Chicago Heights,P.O. Box 463, 8598 Erat St.
595,Lycos,9259296499,Polska,Peabody,485-1856 Tempus St.
596,Google,6728320395,Polska,Danville,964-7722 Scelerisque Street
597,Sibelius,0097381694,Polska,Manhattan,839-1672 Justo. Rd.
598,Sibelius,3174157064,Polska,Winston-Salem,Ap #824-3263 Id, Avenue
599,Chami,6808640220,Polska,Vergennes,P.O. Box 616, 5428 Quis, St.
600,Chami,8876853265,Polska,Manchester,P.O. Box 686, 5800 Iaculis Rd.
601,Sibelius,0438206849,Polska,Independence,P.O. Box 554, 6747 Posuere, Rd.
602,Google,3688060038,Polska,Leominster,825-2885 Sit Street
603,Macromedia,3479250951,Polska,East Lansing,Ap #641-1048 Erat. Rd.
604,Chami,2517210810,Polska,Guayama,Ap #883-8072 Ad Street
605,Cakewalk,1267349457,Polska,Nashville,8037 Sed St.
606,Borland,9871048487,Polska,Temecula,972-7360 A, Rd.
607,Microsoft,4042753148,Polska,Agat,820-1808 Nulla Ave
608,Adobe,8408936567,Polska,Yonkers,P.O. Box 262, 1884 Luctus Ave
609,Apple Systems,8563653929,Polska,Newark,P.O. Box 742, 1478 Vel, Avenue
610,Cakewalk,4780426055,Polska,Effingham,P.O. Box 505, 3410 Et St.
611,Microsoft,7845650811,Polska,Ketchikan,9677 Tempus Road
612,Chami,9917753304,Polska,El Monte,Ap #110-9110 Lobortis. Rd.
613,Yahoo,5294371905,Polska,Astoria,116-5309 Est Av.
614,Macromedia,9371314034,Polska,Chelsea,Ap #702-7761 Sed Rd.
615,Macromedia,4937641891,Polska,Chesapeake,P.O. Box 912, 9790 Laoreet Street
616,Altavista,7167534042,Polska,Alameda,101-4629 Ultricies Road
617,Google,9471056496,Polska,Woodward,Ap #700-1165 Ante Ave
618,Sibelius,9013824399,Polska,Falls Church,Ap #349-6296 In Avenue
619,Finale,6537775029,Polska,Winston-Salem,Ap #300-7292 Sed St.
620,Yahoo,5151428289,Polska,Macon,9592 Lacinia. Av.
621,Google,2288339867,Polska,Bay St. Louis,Ap #283-5887 Elementum, Ave
622,Finale,8640533922,Polska,Mequon,P.O. Box 745, 8557 Id, Street
623,Microsoft,3179674913,Polska,Corinth,P.O. Box 697, 9522 Aliquet. Avenue
624,Finale,0332038888,Polska,Basin,244-2817 Non St.
625,Chami,0483804192,Polska,Yuma,P.O. Box 847, 8022 Odio. Road
626,Lycos,1316154196,Polska,Bradford,5745 Vestibulum Rd.
627,Macromedia,7328745999,Polska,Bismarck,P.O. Box 188, 2535 Nulla Rd.
628,Adobe,9533820279,Polska,Chino Hills,P.O. Box 409, 2676 Faucibus St.
629,Google,5031369571,Polska,Glendora,P.O. Box 765, 3912 Lectus. Road
630,Lycos,6726030636,Polska,Grambling,P.O. Box 877, 632 Magnis Avenue
631,Sibelius,6533893109,Polska,Marlborough,P.O. Box 725, 3599 Arcu Road
632,Apple Systems,6291529561,Polska,Naperville,971-7727 Cras Ave
633,Altavista,7110125420,Polska,Bayamon,Ap #258-209 Elementum, Ave
634,Sibelius,1872974238,Polska,Las Cruces,1381 Massa. Avenue
635,Adobe,4045818792,Polska,Wheeling,738-286 Non St.
636,Borland,7297655743,Polska,Redding,P.O. Box 851, 7459 Quis Street
637,Microsoft,2944810478,Polska,South El Monte,Ap #416-6403 Quis Rd.
638,Adobe,6975324538,Polska,Erie,870-3010 Sem, Ave
639,Adobe,4253017362,Polska,Parkersburg,2498 Sit Rd.
640,Lycos,2526780708,Polska,Blacksburg,1537 Iaculis St.
641,Finale,8110647328,Polska,Charleston,P.O. Box 939, 7533 Arcu Rd.
642,Sibelius,8569665049,Polska,Gloversville,Ap #888-3521 Mollis. St.
643,Altavista,7082689340,Polska,Redondo Beach,4669 Felis Road
644,Microsoft,7685778357,Polska,Oshkosh,381-1473 Ullamcorper Ave
645,Finale,4051808582,Polska,Cape Girardeau,P.O. Box 421, 3151 Id, Avenue
646,Cakewalk,4794213209,Polska,Beckley,Ap #268-1541 Aliquam St.
647,Borland,6413456698,Polska,Pocatello,9133 Cursus Avenue
648,Adobe,7734248704,Polska,Huntsville,P.O. Box 886, 2401 A, Street
649,Microsoft,5363706294,Polska,Frisco,727-9314 Neque. Av.
650,Lycos,2066603766,Polska,Oswego,P.O. Box 905, 2737 Aliquam Avenue
651,Finale,7647303341,Polska,Yonkers,P.O. Box 110, 8491 Tincidunt Av.
652,Chami,1317880824,Polska,Goose Creek,251-4820 Volutpat. Road
653,Macromedia,8232310229,Polska,La Verne,440 Libero. Street
654,Yahoo,1810052462,Polska,North Little Rock,P.O. Box 567, 4649 Risus. St.
655,Borland,3332532067,Polska,Rialto,Ap #180-4837 Quisque Road
656,Macromedia,3237552983,Polska,Marlborough,945-7556 Eros St.
657,Lycos,6218584013,Polska,Valdez,671-3382 Dis Avenue
658,Microsoft,5027202053,Polska,Dearborn,Ap #844-7378 Sem Street
659,Yahoo,9180452572,Polska,Bay St. Louis,3565 Enim. Rd.
660,Altavista,4573754206,Polska,Powell,9423 Augue, Avenue
661,Macromedia,4868432196,Polska,Hopkinsville,P.O. Box 876, 1902 Vestibulum Street
662,Apple Systems,9577152584,Polska,Manassas Park,Ap #761-9237 Nisi Av.
663,Microsoft,7883564180,Polska,Winooski,167-1476 Ornare. Rd.
664,Yahoo,6765590242,Polska,Buena Park,206-6807 Euismod Street
665,Lycos,5932588591,Polska,Ypsilanti,Ap #483-6170 Phasellus St.
666,Sibelius,5144569355,Polska,Farmer City,873-564 Lacinia Rd.
667,Google,3495930633,Polska,Charleston,3724 Neque Ave
668,Altavista,7530026956,Polska,Nenana,7353 Quisque St.
669,Sibelius,7214845971,Polska,Tuscaloosa,Ap #266-9650 Sit Av.
670,Altavista,4917155615,Polska,Glendora,Ap #312-9335 Metus. Road
671,Apple Systems,1781862428,Polska,Oakland,P.O. Box 222, 8449 In St.
672,Chami,8845754389,Polska,Marshall,903-6411 Ridiculus Rd.
673,Macromedia,3922489932,Polska,Salem,958-513 Aenean Av.
674,Chami,1151375275,Polska,Modesto,7590 Gravida Street
675,Adobe,1423585951,Polska,Clemson,2887 Mi Rd.
676,Google,5987310996,Polska,Starkville,P.O. Box 850, 3827 Montes, Ave
677,Google,2121095104,Polska,Biddeford,Ap #448-3623 Ultricies Street
678,Microsoft,6097318379,Polska,Haverhill,P.O. Box 525, 6641 Gravida St.
679,Borland,4855838912,Polska,Pico Rivera,1849 Feugiat Rd.
680,Lavasoft,7012878617,Polska,Palo Alto,468-5187 Tincidunt Avenue
681,Finale,9239458245,Polska,Glendale,Ap #139-5670 Eu St.
682,Borland,4427821403,Polska,Saukville,7927 Faucibus Ave
683,Lavasoft,5479906738,Polska,Commerce,P.O. Box 115, 9010 Aliquet St.
684,Microsoft,3938738706,Polska,Bowie,Ap #179-8145 Tempor Av.
685,Chami,8597984262,Polska,Garland,P.O. Box 210, 8821 Enim, Road
686,Borland,1647617569,Polska,Dover,Ap #368-5395 Adipiscing Street
687,Borland,6423890076,Polska,Plantation,Ap #117-4041 Donec Av.
688,Borland,0634873883,Polska,Milford,331-6936 Eleifend. St.
689,Microsoft,9286535363,Polska,Burbank,Ap #119-2161 Risus Avenue
690,Apple Systems,0192068311,Polska,West Springfield,4551 Vehicula Street
691,Altavista,6377470438,Polska,San Rafael,148 Fusce St.
692,Yahoo,4790078558,Polska,Wisconsin Rapids,4079 Sit Ave
693,Apple Systems,5929720798,Polska,Fort Smith,460-4284 Sed Ave
694,Lavasoft,2242439737,Polska,Pasco,P.O. Box 895, 3569 In St.
695,Apple Systems,9491926223,Polska,Newton,376 Et Avenue
696,Cakewalk,3212714630,Polska,Tyler,Ap #587-3441 Pretium Road
697,Cakewalk,2665792939,Polska,Elmira,6905 Lacus. Av.
698,Yahoo,2484149842,Polska,San Rafael,P.O. Box 169, 9851 Orci St.
699,Cakewalk,4409350849,Polska,Dunkirk,8975 Vitae Av.
700,Chami,1035535986,Polska,Salisbury,P.O. Box 155, 4150 Penatibus Rd.
701,Lycos,6957212562,Polska,Hialeah,Ap #945-508 Volutpat St.
702,Lavasoft,1860432568,Polska,Dayton,Ap #913-8959 Libero St.
703,Adobe,5693297623,Polska,Fort Collins,P.O. Box 306, 976 Arcu Rd.
704,Sibelius,7663606683,Polska,Sunnyvale,7085 Enim. Rd.
705,Apple Systems,4421195892,Polska,Kenner,951-1903 Mollis Rd.
706,Microsoft,1936157116,Polska,Berkeley,9220 Maecenas St.
707,Sibelius,2634670838,Polska,Vernon,P.O. Box 819, 5008 Arcu. Road
708,Altavista,7504941659,Polska,Worcester,816-8676 Lobortis Av.
709,Adobe,2448597004,Polska,Morgan City,8347 Risus Road
710,Google,9102651248,Polska,Effingham,4411 Est, Street
711,Macromedia,6785998540,Polska,Salem,P.O. Box 417, 2105 Quisque Avenue
712,Altavista,7114974960,Polska,Hickory,584-8296 Cum Av.
713,Altavista,9960010859,Polska,Kansas City,P.O. Box 444, 6022 Quis Street
714,Chami,3532233341,Polska,West Haven,Ap #695-6625 Nec Rd.
715,Borland,8264596929,Polska,Green Bay,Ap #940-4927 A Avenue
716,Apple Systems,0332078937,Polska,Catskill,Ap #355-8259 Vitae, St.
717,Lycos,4567997676,Polska,Annapolis,698-3450 Eu Av.
718,Google,4710399376,Polska,Barrow,Ap #317-334 Egestas, Rd.
719,Chami,9867071964,Polska,North Pole,P.O. Box 950, 804 Ullamcorper, Rd.
720,Cakewalk,5523294903,Polska,Milwaukee,9492 Magna Avenue
721,Borland,6201725919,Polska,Tampa,678-3211 Id Road
722,Yahoo,2014032292,Polska,Hattiesburg,Ap #312-5753 Luctus St.
723,Apple Systems,6696746079,Polska,Winnemucca,1263 Laoreet Street
724,Apple Systems,4531227074,Polska,Biddeford,P.O. Box 564, 7214 Mus. Road
725,Lavasoft,8284507887,Polska,Norfolk,P.O. Box 765, 8762 Aenean Av.
726,Borland,7280125294,Polska,Basin,574-2466 Ac St.
727,Yahoo,6319111473,Polska,Jeannette,P.O. Box 309, 7874 Aliquam Road
728,Finale,8671763877,Polska,Nampa,5421 Diam St.
729,Adobe,9187868521,Polska,Lake Forest,P.O. Box 282, 856 Fusce Avenue
730,Cakewalk,8449327903,Polska,Daly City,275-8791 Tempus Av.
731,Microsoft,1435938108,Polska,Delta Junction,Ap #274-3351 Est. St.
732,Sibelius,9514863255,Polska,Fairfax,Ap #492-2769 Eu Ave
733,Macromedia,8113252995,Polska,Lubbock,2796 Sit Av.
734,Cakewalk,2111325678,Polska,Montpelier,P.O. Box 337, 1481 Nullam Road
735,Altavista,0172395542,Polska,Garden Grove,P.O. Box 719, 9067 Pharetra. Av.
736,Microsoft,7369182048,Polska,Los Alamitos,5094 Donec St.
737,Borland,7154514606,Polska,Ogden,P.O. Box 297, 6334 Proin Rd.
738,Google,3155700846,Polska,Waterbury,706-5116 Vulputate Road
739,Sibelius,5537094193,Polska,New Kensington,276 Vel Street
740,Yahoo,8744281376,Polska,Lima,P.O. Box 491, 3699 Dolor. St.
741,Yahoo,1339771695,Polska,Idabel,P.O. Box 695, 1596 Non St.
742,Google,1134422148,Polska,Burlingame,Ap #131-4658 Nec Street
743,Lavasoft,8379724056,Polska,La Palma,708-4768 Velit. Ave
744,Apple Systems,6870667817,Polska,Hialeah,4790 Erat Street
745,Macromedia,5222092760,Polska,Nampa,5118 Convallis Av.
746,Apple Systems,6802024127,Polska,Sheridan,702-6017 Ipsum. Av.
747,Sibelius,6734765006,Polska,Effingham,P.O. Box 670, 8894 Eu Rd.
748,Lavasoft,6773010770,Polska,San Gabriel,Ap #811-4785 Odio Street
749,Chami,3770400608,Polska,Huntington,Ap #475-2325 Sed Rd.
750,Microsoft,6024729736,Polska,Santa Fe Springs,7647 Est, St.
751,Macromedia,8735859589,Polska,Fort Wayne,P.O. Box 430, 5680 Semper Rd.
752,Cakewalk,8176424029,Polska,Springfield,P.O. Box 743, 4171 Elit, Street
753,Borland,1223088328,Polska,Monongahela,5798 Ac Ave
754,Microsoft,9991114102,Polska,Latrobe,P.O. Box 634, 7997 Eget, St.
755,Adobe,3493404556,Polska,New Haven,9246 At St.
756,Cakewalk,2176669073,Polska,New Castle,P.O. Box 195, 2302 Auctor St.
757,Apple Systems,3985641341,Polska,Boulder,883-166 Eu Ave
758,Borland,9168015528,Polska,Tupelo,Ap #292-3597 Arcu. Avenue
759,Microsoft,9290880935,Polska,DuBois,Ap #242-1971 Mauris Rd.
760,Adobe,3815723523,Polska,Vernon,P.O. Box 421, 2678 Facilisis. Rd.
761,Cakewalk,2760818154,Polska,Idaho Springs,514-4914 Integer Road
762,Chami,4881490671,Polska,Corvallis,P.O. Box 601, 8491 Augue Rd.
763,Lavasoft,6065870887,Polska,Miami Gardens,5270 Integer Avenue
764,Borland,5132108078,Polska,Tallahassee,576-4667 Hendrerit. Rd.
765,Cakewalk,5916348328,Polska,Bend,Ap #656-2130 Tristique Ave
766,Microsoft,9228491875,Polska,Avalon,P.O. Box 444, 2417 At Rd.
767,Apple Systems,3916201119,Polska,Tacoma,364-1247 Ut St.
768,Microsoft,1930003014,Polska,Evansville,1012 Metus. Road
769,Lavasoft,2583523527,Polska,Palo Alto,4729 Dignissim. St.
770,Borland,1283776390,Polska,Trenton,Ap #627-9233 In, Ave
771,Lavasoft,7069897550,Polska,Menomonee Falls,3798 Id, Avenue
772,Borland,5553613400,Polska,Barrow,Ap #394-1105 Est. St.
773,Lycos,7513049174,Polska,East Hartford,9519 Cras Rd.
774,Cakewalk,0287790739,Polska,Suffolk,P.O. Box 958, 8534 Est Road
775,Chami,7009976883,Polska,Egg Harbor,279-3736 Nonummy Street
776,Sibelius,4365464133,Polska,Westminster,9296 Ridiculus Rd.
777,Lavasoft,0965331795,Polska,Watervliet,9721 Ornare, Avenue
778,Yahoo,9090066497,Polska,Dearborn,P.O. Box 325, 2716 Pharetra Road
779,Adobe,6977977532,Polska,Lower Burrell,508-6076 Proin Road
780,Adobe,5634303188,Polska,Lawrenceville,Ap #541-8897 Accumsan Road
781,Lavasoft,0656900031,Polska,Torrance,6885 Ornare. Ave
782,Cakewalk,6446003003,Polska,Brockton,P.O. Box 699, 2685 Nulla Rd.
783,Altavista,2846307337,Polska,Hampton,2743 Ultrices. Av.
784,Sibelius,6429265662,Polska,Wilson,720-9417 Nisl St.
785,Borland,5659842509,Polska,Dana Point,P.O. Box 426, 2377 Porttitor Av.
786,Chami,9005594929,Polska,Yazoo City,141-3976 Praesent St.
787,Adobe,8868814853,Polska,Biddeford,P.O. Box 746, 6682 Sed Road
788,Adobe,4912501749,Polska,Gardena,1814 Lacus. St.
789,Apple Systems,6131144655,Polska,Kennewick,7350 Justo Rd.
790,Lavasoft,6113244399,Polska,Beverly,Ap #442-677 Eu Rd.
791,Chami,0071114658,Polska,Mission Viejo,P.O. Box 109, 4691 At, Avenue
792,Finale,5095817963,Polska,Los Alamitos,P.O. Box 446, 9726 Sed Avenue
793,Yahoo,1632690879,Polska,Indianapolis,727 Proin Rd.
794,Borland,2464106797,Polska,Monterey,8409 Primis Ave
795,Altavista,9302867964,Polska,Port Jervis,468-8332 Donec St.
796,Borland,0934962632,Polska,Green River,P.O. Box 914, 2311 Interdum Avenue
797,Finale,8747197723,Polska,Canton,3532 In Ave
798,Borland,8906753840,Polska,Oneida,907 Fringilla Rd.
799,Lavasoft,9457463117,Polska,Bayamon,Ap #358-2567 Augue Av.
800,Macromedia,6591165707,Polska,Valdez,Ap #565-5178 Ultrices Av.
801,Apple Systems,9635546294,Polska,Fall River,P.O. Box 557, 8876 In Road
802,Chami,8335691153,Polska,Calabasas,3701 Gravida Ave
803,Macromedia,9457893484,Polska,New York,Ap #541-4895 Sodales Av.
804,Lavasoft,7131719744,Polska,New Bedford,P.O. Box 727, 8466 Eget St.
805,Microsoft,6927245442,Polska,Tustin,9801 Lorem, Av.
806,Lycos,4860798034,Polska,Lawrenceville,685-6006 Nec Ave
807,Cakewalk,7765473353,Polska,Parker,763-2652 Pede Av.
808,Cakewalk,7004668392,Polska,Warwick,1777 A, Avenue
809,Google,0358353912,Polska,Glendora,476-3489 Dui. Road
810,Lavasoft,3897480910,Polska,Chino Hills,860-6765 Neque Road
811,Cakewalk,9648612522,Polska,Ponce,P.O. Box 710, 7006 Morbi Road
812,Cakewalk,7224601837,Polska,Baldwin Park,118-5355 Ac Road
813,Apple Systems,9951208316,Polska,Oshkosh,389-245 Erat, Ave
814,Altavista,3553165148,Polska,Glendale,P.O. Box 809, 8162 Non, Rd.
815,Altavista,0765306958,Polska,La Verne,Ap #984-4100 Consequat St.
816,Lycos,3241904974,Polska,Los Alamitos,7367 Hendrerit. Avenue
817,Yahoo,8562713717,Polska,Parkersburg,P.O. Box 534, 1144 Accumsan St.
818,Lycos,5590218345,Polska,Lewiston,511-4757 Lorem Street
819,Microsoft,3949851944,Polska,Irving,Ap #374-3530 Cras Avenue
820,Altavista,3562051560,Polska,Allentown,P.O. Box 132, 1598 Vivamus Rd.
821,Cakewalk,4440070686,Polska,El Paso,477-7482 Felis, Ave
822,Chami,7351762578,Polska,High Point,218-5224 Quis St.
823,Altavista,1524142777,Polska,Logan,8045 Et St.
824,Borland,9421046199,Polska,Union City,436-8785 Orci Ave
825,Lavasoft,6531741212,Polska,Davenport,7270 Convallis St.
826,Macromedia,3630172923,Polska,Champaign,415-8493 Cum Rd.
827,Borland,0526937656,Polska,Titusville,P.O. Box 551, 2177 Sed Av.
828,Cakewalk,6222582869,Polska,Greensboro,P.O. Box 257, 524 Eu Av.
829,Borland,8791916845,Polska,Lexington,1930 Ullamcorper Av.
830,Altavista,7215907923,Polska,Somersworth,101-7373 Eu Av.
831,Yahoo,0002152122,Polska,Hutchinson,P.O. Box 576, 4011 Bibendum St.
832,Adobe,2323355976,Polska,Elizabeth City,106 Non St.
833,Chami,5128541996,Polska,Terre Haute,P.O. Box 703, 4929 In Road
834,Yahoo,6308593012,Polska,Bay City,1932 Mi St.
835,Sibelius,9766074668,Polska,Pottsville,5498 Elit St.
836,Lavasoft,5215071156,Polska,Saint Joseph,919-5210 At Road
837,Apple Systems,1804954775,Polska,Fort Worth,796-8405 Proin Road
838,Adobe,3302342890,Polska,Mount Pleasant,8598 At, Street
839,Altavista,7550863215,Polska,Camden,Ap #618-8833 Diam. Rd.
840,Microsoft,3539048770,Polska,Seaford,8317 Faucibus. St.
841,Google,7920550698,Polska,Frisco,P.O. Box 101, 1338 Luctus Avenue
842,Lycos,2302517114,Polska,Casper,9209 Nec Ave
843,Chami,3046359967,Polska,Blythe,P.O. Box 838, 8386 Mi St.
844,Yahoo,8748212701,Polska,Kalamazoo,838-5214 Pretium Street
845,Finale,5393875903,Polska,Union City,Ap #547-200 Lacus. Ave
846,Lycos,7070008867,Polska,South Portland,P.O. Box 731, 3179 Dui. Ave
847,Yahoo,2973773861,Polska,Livonia,226-1002 Eu St.
848,Chami,0880618456,Polska,Bend,Ap #767-6246 Nam St.
849,Yahoo,0389185369,Polska,Thomasville,Ap #534-5869 Volutpat St.
850,Google,5868660413,Polska,Carson,290-8563 Turpis Street
851,Lycos,1080666261,Polska,Joplin,Ap #333-7376 Ullamcorper. Street
852,Finale,2332138801,Polska,Laguna Beach,513-1600 Cursus. Rd.
853,Finale,2486707196,Polska,Dana Point,656-5685 Phasellus St.
854,Lycos,7891769741,Polska,Pittsburgh,1178 Tincidunt Road
855,Finale,6773575234,Polska,Arvada,Ap #829-9661 Sit Rd.
856,Yahoo,1568304157,Polska,Lafayette,657-4959 Lacus. Ave
857,Chami,1807490541,Polska,Auburn Hills,P.O. Box 907, 9049 Mollis Rd.
858,Finale,8587561577,Polska,Williston,P.O. Box 585, 8062 Mollis Ave
859,Adobe,5200176792,Polska,Kingsport,436-3362 Augue St.
860,Sibelius,1653665322,Polska,Fort Smith,7308 Cum Ave
861,Macromedia,2203857512,Polska,Vergennes,P.O. Box 968, 2630 Ut, Rd.
862,Lycos,9681610295,Polska,Homer,7033 Maecenas Rd.
863,Altavista,7596178899,Polska,Bell,126-189 Nam Rd.
864,Yahoo,5691663451,Polska,Idaho Falls,936-7183 Neque Street
865,Lavasoft,6873889424,Polska,Albuquerque,675-1321 Nullam Av.
866,Sibelius,8037765660,Polska,Sedalia,P.O. Box 932, 5463 Fusce St.
867,Apple Systems,9229596152,Polska,Roseville,7721 Lorem, St.
868,Altavista,2141461967,Polska,Bandon,8701 Aliquam St.
869,Lavasoft,7209441802,Polska,Salt Lake City,8948 Massa St.
870,Lycos,4131441883,Polska,Richmond,Ap #643-7240 Accumsan Rd.
871,Adobe,5856260689,Polska,Lafayette,851-2649 Semper Ave
872,Macromedia,9197669375,Polska,Danbury,480-4387 Velit St.
873,Adobe,0432408002,Polska,Salinas,698-8614 Non Rd.
874,Yahoo,0395619790,Polska,Rockville,688-2977 Tempus Av.
875,Borland,6320276374,Polska,Half Moon Bay,Ap #620-5489 Tristique St.
876,Lavasoft,0524726490,Polska,Dickinson,P.O. Box 574, 9909 Risus. Road
877,Yahoo,1886023398,Polska,DuBois,Ap #499-1296 Magna. St.
878,Cakewalk,1809779012,Polska,Apple Valley,P.O. Box 206, 1402 Libero Rd.
879,Google,7426413214,Polska,Fremont,101-5373 Nisi Rd.
880,Finale,6820085227,Polska,International Falls,1893 In St.
881,Cakewalk,3929740825,Polska,Bethlehem,301-3510 Nisl. Street
882,Sibelius,7727025433,Polska,Powell,P.O. Box 250, 9455 Nunc Rd.
883,Sibelius,6424794949,Polska,Fort Collins,P.O. Box 359, 8980 Tempor Rd.
884,Cakewalk,5519767607,Polska,Chandler,6741 Id, St.
885,Lycos,2567077734,Polska,International Falls,Ap #552-1515 Aliquet St.
886,Microsoft,2887558325,Polska,Pocatello,P.O. Box 853, 5404 Euismod Avenue
887,Cakewalk,0349124707,Polska,Alameda,Ap #596-6674 Hendrerit Rd.
888,Yahoo,0234635872,Polska,Turlock,983-290 Donec Street
889,Yahoo,1284621989,Polska,Powell,P.O. Box 519, 3939 Sagittis. Avenue
890,Adobe,0032979289,Polska,Bend,P.O. Box 805, 8955 A Rd.
891,Apple Systems,2043472174,Polska,Bangor,3517 Ridiculus Rd.
892,Adobe,6078121504,Polska,Placentia,4544 Facilisis Av.
893,Sibelius,4840829041,Polska,Merizo,339-4239 Tellus. Rd.
894,Cakewalk,6064573763,Polska,Dixon,Ap #412-1890 Eu Avenue
895,Lycos,0731477114,Polska,Scranton,Ap #453-4397 Tempus Ave
896,Cakewalk,2819133805,Polska,Yonkers,284-9462 Rutrum Street
897,Lavasoft,7985176415,Polska,Lakewood,9800 Etiam Rd.
898,Lycos,7304289366,Polska,Santa Clarita,520-8213 Purus Street
899,Lavasoft,1904047841,Polska,Mayagüez,435-2060 Dolor. Avenue
900,Lavasoft,4674714192,Polska,Nampa,Ap #969-1947 Phasellus Av.
901,Lycos,1338075216,Polska,Charlottesville,P.O. Box 394, 9964 Est Street
902,Sibelius,4737127979,Polska,Buffalo,Ap #704-3320 Malesuada St.
903,Macromedia,6584966135,Polska,Topeka,495-2650 Gravida Rd.
904,Lycos,2807657219,Polska,North Platte,2866 Mauris Av.
905,Lycos,4306104852,Polska,Burlingame,3429 Consectetuer St.
906,Sibelius,2277673788,Polska,New Castle,Ap #233-1660 Orci, St.
907,Altavista,4466132870,Polska,Pomona,P.O. Box 585, 4075 Quisque Rd.
908,Yahoo,8562233562,Polska,Fontana,3327 Blandit Avenue
909,Adobe,4453915159,Polska,Rockford,P.O. Box 828, 1434 Luctus, St.
910,Chami,5169698840,Polska,Jeffersontown,Ap #633-8870 Eleifend. Av.
911,Google,4666253142,Polska,Ontario,P.O. Box 423, 2107 Eu Rd.
912,Altavista,8495158780,Polska,Clarksville,Ap #695-7579 Nulla Ave
913,Borland,4659510097,Polska,Uniontown,6762 Elit. Avenue
914,Borland,5049608219,Polska,Farrell,P.O. Box 194, 6327 Vulputate Ave
915,Lycos,5115512594,Polska,Plano,5507 Cursus Ave
916,Altavista,6982008510,Polska,Cedarburg,9380 Neque. Rd.
917,Lavasoft,1038021029,Polska,North Little Rock,4657 Neque. Avenue
918,Google,4236374306,Polska,Iowa City,P.O. Box 718, 5255 Arcu. Rd.
919,Microsoft,6838292045,Polska,Arcadia,648-603 Magna Avenue
920,Borland,9878160180,Polska,Newburyport,Ap #457-4379 Neque St.
921,Microsoft,7575257869,Polska,Port Jervis,P.O. Box 838, 2578 Nam Rd.
922,Lycos,0666329908,Polska,Minnetonka,583-6602 Fusce Rd.
923,Altavista,8304078367,Polska,Idabel,136-6135 Suspendisse Street
924,Lycos,8512653346,Polska,Altoona,Ap #545-4718 A, St.
925,Yahoo,5840066500,Polska,Alameda,P.O. Box 767, 5501 Lacus St.
926,Microsoft,4103513289,Polska,Enfield,8393 Fringilla Avenue
927,Google,1925039643,Polska,Weirton,P.O. Box 144, 2263 Rhoncus. Street
928,Chami,9658819106,Polska,Nogales,6196 Felis Rd.
929,Lycos,4113772682,Polska,St. George,334-4817 Amet Av.
930,Borland,4345582319,Polska,Chicago,P.O. Box 304, 3141 Pellentesque Av.
931,Yahoo,9253709532,Polska,Parma,P.O. Box 200, 5230 Iaculis Rd.
932,Apple Systems,3855392398,Polska,Prescott,P.O. Box 733, 5746 Lorem Rd.
933,Borland,8516160194,Polska,Batavia,449-1548 Morbi St.
934,Chami,2928099790,Polska,Powell,Ap #517-4587 Tristique St.
935,Yahoo,3882062060,Polska,Waterbury,915-3279 Nulla Ave
936,Adobe,9747568298,Polska,Wilkes-Barre,Ap #800-1021 Convallis Av.
937,Microsoft,6473959642,Polska,Nichols Hills,Ap #195-9536 Libero St.
938,Lavasoft,0655494980,Polska,Houma,Ap #389-3820 Nunc Ave
939,Adobe,6692246186,Polska,Yazoo City,P.O. Box 702, 7752 Dui. St.
940,Cakewalk,2758671042,Polska,Vergennes,2681 Dictum Street
941,Cakewalk,1683342923,Polska,Bandera,8895 Morbi Rd.
942,Lavasoft,0732325667,Polska,Paramount,Ap #625-6291 Volutpat. St.
943,Macromedia,5142566712,Polska,Inglewood,962-7035 Nunc Avenue
944,Macromedia,9291616374,Polska,Marlborough,137-1148 Nullam Av.
945,Borland,9471388442,Polska,Evanston,748-1887 Luctus Ave
946,Lavasoft,4938651536,Polska,Anaheim,3236 Et, Avenue
947,Google,8492331083,Polska,Mount Vernon,Ap #847-9589 Sed Avenue
948,Sibelius,5410434854,Polska,Port Orford,8275 Porta St.
949,Chami,6722242786,Polska,Mount Vernon,231-2175 Eget, St.
950,Lavasoft,6564887215,Polska,Apple Valley,982-4386 In St.
951,Cakewalk,2357905887,Polska,Alameda,5019 Mauris Ave
952,Yahoo,9611078983,Polska,South Pasadena,369 Etiam St.
953,Apple Systems,8728449417,Polska,Kahului,668-2459 Nec, St.
954,Altavista,2130424818,Polska,Wichita Falls,778 Dictum Street
955,Altavista,7330570994,Polska,San Marino,230 Nisi. Road
956,Macromedia,0338768338,Polska,Goose Creek,P.O. Box 478, 7017 Arcu Road
957,Macromedia,9543821505,Polska,Toledo,P.O. Box 416, 9834 Amet, Av.
958,Apple Systems,5310759964,Polska,Bethlehem,P.O. Box 123, 5828 Elit, Road
959,Adobe,7680797387,Polska,Wynne,P.O. Box 728, 9380 Dignissim Av.
960,Finale,1817615698,Polska,Lomita,5920 Condimentum. Av.
961,Altavista,8930747462,Polska,Arcadia,Ap #359-9273 Dignissim St.
962,Macromedia,4013311885,Polska,Lexington,P.O. Box 343, 1095 Enim Rd.
963,Borland,7537771880,Polska,Roseville,9448 Maecenas Rd.
964,Borland,4551199860,Polska,Pittsfield,913-5823 Vel St.
965,Cakewalk,5671292180,Polska,Springdale,122-2279 Ac, Ave
966,Lavasoft,9045757679,Polska,Mission Viejo,Ap #628-1661 Elementum, Av.
967,Google,6856314981,Polska,Plano,Ap #611-2355 Libero Ave
968,Chami,3152726865,Polska,Paramount,579-7832 Eleifend Street
969,Google,7138765924,Polska,Newport Beach,988-5559 Sed St.
970,Microsoft,9971258817,Polska,Baton Rouge,6792 Enim. Road
971,Finale,4354225583,Polska,Greensburg,658-5207 Urna. St.
972,Cakewalk,9102655910,Polska,Rolla,6295 Rutrum Road
973,Borland,0909012778,Polska,Palmdale,413-2855 Aliquam Av.
974,Apple Systems,6326427644,Polska,Gulfport,P.O. Box 262, 6095 Auctor St.
975,Microsoft,8521786052,Polska,Lebanon,2459 Fusce Rd.
976,Altavista,6334956742,Polska,Rhinelander,P.O. Box 146, 721 Vestibulum Rd.
977,Lavasoft,9583822480,Polska,Stanton,5591 Donec Av.
978,Lavasoft,0610103026,Polska,Logan,302-5021 Dictum Ave
979,Borland,5281482423,Polska,Pulaski,6339 Ut Av.
980,Lavasoft,7113494887,Polska,Gaithersburg,P.O. Box 115, 9392 Donec St.
981,Sibelius,5307531580,Polska,Greenfield,678-3856 Eget Street
982,Apple Systems,3557632947,Polska,Saipan,817-5670 Sed St.
983,Adobe,1347913242,Polska,Oro Valley,P.O. Box 374, 4039 Phasellus St.
984,Adobe,4937316548,Polska,West Springfield,P.O. Box 803, 6972 Ac Rd.
985,Borland,5874258323,Polska,San Luis Obispo,Ap #739-4642 Sem, Street
986,Macromedia,7075828401,Polska,Quincy,7264 Dolor Avenue
987,Apple Systems,8505681509,Polska,Annapolis,5740 Sem, St.
988,Microsoft,0779274956,Polska,Lockport,Ap #838-7300 Ultricies Rd.
989,Microsoft,6463256006,Polska,New Orleans,330-6783 Vel St.
990,Chami,7072614284,Polska,Fullerton,6202 Tempus St.
991,Borland,5562534259,Polska,Marshfield,8088 Quisque Rd.
992,Lycos,7223886421,Polska,Palmdale,P.O. Box 147, 5156 Pharetra. St.
993,Adobe,0643871645,Polska,St. Marys,Ap #617-4302 Enim, St.
994,Microsoft,5471919726,Polska,Butte,Ap #990-585 Eu, Rd.
995,Sibelius,4478298395,Polska,Merced,107-2886 Vulputate Rd.
996,Finale,5009891774,Polska,Phenix City,P.O. Box 952, 3283 Morbi Avenue
997,Altavista,5626614622,Polska,Kennesaw,Ap #755-1706 Erat Avenue
998,Yahoo,0346603759,Polska,Beaumont,6890 Nec Road
999,Microsoft,4244690293,Polska,Augusta,P.O. Box 317, 8120 Donec Road
1000,Google,6709245158,Polska,Boston,Ap #338-242 Accumsan Avenue

