id_oddzialu,miasto,adres
1,Sturgis,Ap #910-4634 Ac Road
2,Monongahela,Ap #119-1818 Maecenas St.
3,Washington,P.O. Box 808, 6050 Aenean Road
4,DeKalb,864-2126 Amet Street
5,El Monte,Ap #373-1173 Commodo St.
6,Peabody,P.O. Box 829, 7532 Vel, Av.
7,Monongahela,Ap #914-1709 Varius. St.
8,Temple City,151-6038 Morbi Av.
9,Thousand Oaks,P.O. Box 634, 6491 Sapien Av.
10,Hayward,Ap #547-8264 Neque Rd.
11,Pasadena,Ap #373-8096 Interdum. Avenue
12,Fairfield,630-1075 Nulla. St.
13,Morgantown,789-114 In Avenue
14,Aberdeen,8331 Sed Street
15,Tallahassee,Ap #966-7849 Tempor St.
16,Diamond Bar,806-9978 Libero Rd.
17,Prescott,Ap #807-7091 Magna. Street
18,Commerce,Ap #846-6969 Tempor Street
19,Johnstown,P.O. Box 203, 4951 Feugiat Ave
20,Vancouver,P.O. Box 756, 8955 Posuere, Avenue
21,Utica,443-4725 Sed, Ave
22,Hawthorne,Ap #735-8474 Nunc St.
23,Hamilton,Ap #606-5637 Accumsan Ave
24,Green River,P.O. Box 176, 5100 Enim Road
25,Marshall,224-2357 Adipiscing Rd.
26,Hagerstown,P.O. Box 488, 5759 Libero St.
27,Loudon,Ap #519-3878 Fermentum Ave
28,Irving,P.O. Box 539, 8426 Tellus Street
29,Plantation,P.O. Box 897, 9215 Augue, Av.
30,Nanticoke,P.O. Box 900, 763 Non, Avenue
31,Gastonia,Ap #366-5554 Placerat, St.
32,Birmingham,3853 Elit Road
33,Seward,Ap #483-9447 Luctus, Av.
34,Cedar Rapids,1122 Mauris Rd.
35,Rhinelander,365-9528 Aliquam St.
36,Kent,4422 Ut, St.
37,Carson,Ap #450-5452 Eu Ave
38,Avalon,3105 Quis Avenue
39,Port St. Lucie,Ap #708-9979 Eu Ave
40,Fredericksburg,P.O. Box 580, 1339 Viverra. St.
41,Idaho Springs,229 Porta St.
42,Boston,P.O. Box 944, 1908 Pede. Rd.
43,Vernon,4877 Et Ave
44,North Pole,442-5213 Netus Av.
45,Anaconda,746-6195 Facilisis Rd.
46,Hollywood,898 Placerat, Ave
47,Scottsdale,3086 Viverra. St.
48,McKeesport,Ap #169-5714 Vitae Street
49,Kenosha,P.O. Box 910, 8375 Mollis. St.
50,Kettering,403-8681 Nunc Road
51,Santa Clara,P.O. Box 376, 2311 Accumsan Rd.
52,Yukon,Ap #533-9578 Scelerisque St.
53,West Valley City,P.O. Box 776, 1937 Cras St.
54,Ruston,3005 Aliquam Street
55,Carrollton,105-2263 Neque Ave
56,Rochester,3620 Volutpat. St.
57,Darlington,P.O. Box 554, 6247 Eu Rd.
58,Syracuse,214 Dolor Rd.
59,Paterson,8094 Quam, Ave
60,Westfield,322-2866 Cras Rd.
61,Ada,P.O. Box 478, 1672 Placerat, Street
62,Duncan,413-1024 Cubilia Rd.
63,Parma,Ap #856-2998 Fringilla Ave
64,Hoover,653-8540 Turpis Avenue
65,Dubuque,8366 Rutrum Avenue
66,Cudahy,4388 Cursus Av.
67,Basin,575-1152 Ornare Rd.
68,Roswell,757-9150 Tincidunt St.
69,Aguadilla,480-1948 Hendrerit. St.
70,Simi Valley,P.O. Box 654, 115 Fusce St.
71,Waycross,P.O. Box 359, 960 Eu St.
72,Mandan,P.O. Box 686, 9125 Pellentesque Road
73,DeKalb,880-5239 Dolor Av.
74,Gloversville,Ap #347-5179 Volutpat. St.
75,Rancho Cordova,1994 Proin Rd.
76,Chino Hills,Ap #987-2409 Etiam St.
77,Turlock,510-8822 Neque. Ave
78,Tupelo,240-5379 Eleifend St.
79,Compton,P.O. Box 789, 4262 Cum Av.
80,Gloversville,846-9278 Duis St.
81,North Pole,6164 Elementum Ave
82,Paterson,7792 Purus Rd.
83,Sacramento,Ap #626-7677 Lacus. Rd.
84,Aberdeen,P.O. Box 474, 1803 Dui. Street
85,Eatontown,Ap #514-7491 Eu, Rd.
86,Azusa,Ap #357-3816 Libero Ave
87,Lake Forest,474-8248 Curabitur St.
88,Elko,8656 Dictum. St.
89,Newark,991-654 Pellentesque Av.
90,Salisbury,7576 At Street
91,Two Rivers,7170 Est. Rd.
92,Clarksburg,Ap #215-8990 Suspendisse Avenue
93,New Brunswick,899-5072 Convallis Street
94,Lakeland,P.O. Box 556, 2387 Pede. Road
95,La Puente,P.O. Box 694, 6035 Purus Street
96,Culver City,Ap #925-4731 Libero. Rd.
97,Grass Valley,679-2555 Nonummy St.
98,Duquesne,Ap #725-7583 Lobortis. Av.
99,Bay City,345-871 Vel, Rd.
100,Ontario,9857 In Rd.
101,Dothan,Ap #150-8323 Egestas St.
102,Minot,Ap #679-5327 Vel St.
103,Fort Worth,Ap #784-3423 Et, Ave
104,Egg Harbor,178-8307 Cum Road
105,Plantation,766-4436 Sodales. Rd.
106,Jersey City,Ap #666-517 Leo. Avenue
107,Kona,Ap #875-2187 Mauris Rd.
108,Chino,7385 Est, St.
109,Statesboro,706-4368 Tincidunt Avenue
110,La Verne,Ap #993-5872 Vehicula St.
111,Hartland,475-6442 Eleifend, St.
112,Wilson,P.O. Box 123, 7376 Dui St.
113,Astoria,P.O. Box 405, 8409 Amet Avenue
114,Watertown,5865 In St.
115,San Dimas,559-6825 Integer St.
116,Fajardo,Ap #196-4051 Ipsum St.
117,Cape Girardeau,Ap #861-5573 Consequat Road
118,New Kensington,4863 Nunc Rd.
119,Sandy,Ap #457-4407 Mauris Street
120,Pass Christian,P.O. Box 125, 5208 Non, Street
121,Minnetonka,Ap #782-5228 Ut Av.
122,Rutland,Ap #580-2519 Purus Rd.
123,Hamilton,6818 Aenean Av.
124,Port Washington,7500 Quis Rd.
125,Dayton,2969 Non, St.
126,Hutchinson,5385 Et Street
127,Ansonia,2493 Arcu. St.
128,Weymouth,529-1465 Non Avenue
129,South Gate,2506 Magna. St.
130,Portland,Ap #971-9438 Nonummy. Ave
131,Warwick,P.O. Box 601, 8175 Vitae Av.
132,Menomonee Falls,Ap #283-5504 Sagittis Road
133,Gulfport,405-9960 Non, Rd.
134,Salem,529-6422 Sit Av.
135,Morgan City,843-8299 Sit Av.
136,East Lansing,P.O. Box 996, 5415 Metus Avenue
137,Valdosta,207-2284 Praesent St.
138,Sault Ste. Marie,803-151 Sagittis Rd.
139,Galesburg,P.O. Box 914, 9600 Et Rd.
140,Santa Clara,Ap #819-9818 Mattis St.
141,Layton,237-7473 Mollis. Ave
142,Alameda,P.O. Box 404, 4157 Aliquet Street
143,Dunkirk,4816 Vitae Avenue
144,Owensboro,P.O. Box 459, 9633 Nunc Av.
145,Carolina,Ap #563-4365 Felis Ave
146,Jeffersonville,320-4003 Luctus Avenue
147,Nogales,Ap #351-4337 Adipiscing Road
148,Attleboro,P.O. Box 620, 5904 Aliquam Ave
149,Overland Park,533-9044 Ut, Rd.
150,Jersey City,P.O. Box 323, 7797 Convallis Street
151,Newport Beach,Ap #241-5235 Natoque Street
152,Waukegan,545-7898 Sem Rd.
153,Saint Louis,757-654 Ligula. Rd.
154,Ashland,Ap #881-7901 Tincidunt, Street
155,Kearns,Ap #547-6591 Arcu. Road
156,Las Vegas,6799 Sit Street
157,Lawrenceville,806-9711 Donec Rd.
158,Saint Louis,145-2058 Tellus Ave
159,Auburn,471-7775 Cursus Street
160,Fremont,Ap #647-9270 Aliquam St.
161,Bristol,P.O. Box 636, 1776 Per Road
162,Uniontown,Ap #431-2398 Nisi. Rd.
163,Logan,511-8573 Enim. Av.
164,Ketchikan,Ap #952-3809 Fusce Avenue
165,La Habra,Ap #887-1910 Ad Rd.
166,Natchez,P.O. Box 299, 524 Lorem Rd.
167,Columbia,Ap #701-5025 Dictum St.
168,Steubenville,Ap #484-1077 Odio. Rd.
169,Manchester,607-5525 Nulla. Rd.
170,Staunton,734-6881 Cras Av.
171,New Rochelle,P.O. Box 395, 8927 Diam. Ave
172,Brockton,P.O. Box 233, 6968 Nisi. St.
173,Rawlins,715-3024 At Av.
174,Lancaster,P.O. Box 730, 7400 Mauris St.
175,Newport,102-4719 Magna. Ave
176,Burlingame,6960 Phasellus Av.
177,Brea,Ap #738-546 Dignissim Av.
178,Rye,2784 Semper Av.
179,Chico,Ap #711-7428 Fusce Rd.
180,Poughkeepsie,948-2472 Dignissim. Rd.
181,San Bernardino,5749 Nonummy Ave
182,Las Vegas,Ap #445-772 Aliquet Street
183,Cypress,5018 Ipsum St.
184,Tonawanda,P.O. Box 310, 3413 Nec Ave
185,Pittsfield,362-5571 Et St.
186,Sacramento,Ap #262-5035 Mollis. Av.
187,La Puente,P.O. Box 113, 5775 Dui, Avenue
188,Mentor,Ap #276-7698 Iaculis Av.
189,Carson City,1607 Quisque Rd.
190,Roseville,Ap #385-2844 Consequat Av.
191,Wichita,P.O. Box 696, 6101 Sit St.
192,Hidden Hills,P.O. Box 229, 2439 Praesent St.
193,Charlotte,P.O. Box 552, 4345 Nam Av.
194,Johnson City,Ap #822-4821 Vel Rd.
195,Palmdale,Ap #323-468 Enim Ave
196,Santa Fe,4310 Urna Avenue
197,Minot,Ap #580-9497 Lectus Av.
198,Superior,Ap #600-3440 Fermentum St.
199,Blythe,598-2997 Feugiat. Ave
200,Christiansted,Ap #774-5040 Ut Avenue
201,Woodward,P.O. Box 725, 1713 Laoreet, Street
202,Newton,996-1676 Conubia Rd.
203,Hollywood,516-4902 Amet Avenue
204,Sheridan,Ap #928-330 Dictum Rd.
205,Thousand Oaks,8257 Aenean St.
206,Santa Barbara,Ap #700-244 Viverra. Av.
207,Fajardo,Ap #509-964 A Rd.
208,Medford,589-9724 Duis Rd.
209,Tampa,548-4087 Ac Av.
210,Greenville,618-1647 Ridiculus Street
211,Elizabeth City,P.O. Box 972, 1916 Dignissim. Rd.
212,Bismarck,Ap #824-4740 Id St.
213,Sedalia,790-6310 Rutrum St.
214,Escondido,P.O. Box 173, 1634 Dis Rd.
215,Lansing,8814 Vel Ave
216,East Rutherford,Ap #503-2314 Maecenas St.
217,Nanticoke,6489 Consectetuer Street
218,Bakersfield,230 Viverra. St.
219,Corinth,4571 Id Av.
220,Jefferson City,Ap #672-195 Mauris. Rd.
221,Waukegan,5699 Mi Av.
222,Port Washington,P.O. Box 277, 8009 Auctor St.
223,San Rafael,606-3246 Amet, Rd.
224,Methuen,6182 Vel Street
225,Brockton,Ap #154-5993 Hendrerit St.
226,Austin,194 Donec Rd.
227,Hollister,P.O. Box 813, 7747 Ut Rd.
228,Ephraim,P.O. Box 551, 2350 Elit. Rd.
229,Lowell,P.O. Box 551, 8774 Et Rd.
230,Seward,263-5313 Magna. Avenue
231,La Puente,P.O. Box 444, 5716 Eu, Rd.
232,Citrus Heights,Ap #891-1876 Donec Road
233,Lynn,P.O. Box 300, 6742 Turpis St.
234,Fulton,8096 Pede Ave
235,Douglas,753-473 In Rd.
236,Marshall,844-6674 Augue. Rd.
237,Phenix City,803-5852 Nulla Av.
238,Grand Rapids,Ap #216-1978 Pharetra St.
239,Princeton,582-3758 Mattis. Rd.
240,Elko,1355 Aliquet St.
241,Sierra Vista,P.O. Box 497, 9754 Interdum. Rd.
242,Vacaville,946-1468 Non, Ave
243,Birmingham,P.O. Box 659, 9862 Ridiculus Rd.
244,Coatesville,3251 Mauris Ave
245,Cincinnati,362-7981 Et Ave
246,Gloversville,172-7216 Phasellus Rd.
247,Poughkeepsie,7294 Facilisis Rd.
248,Watertown,P.O. Box 360, 3572 Lorem Av.
249,Beverly Hills,750-560 Accumsan Road
250,Durham,7314 Egestas St.
251,Oklahoma City,4839 Quis Rd.
252,Chattanooga,9954 Pellentesque Rd.
253,New Haven,507-5940 Donec Av.
254,Crown Point,Ap #616-7929 Ornare Av.
255,Toledo,996 Eu Rd.
256,Merizo,832-9194 Gravida Av.
257,Santa Fe,928 Risus, Road
258,West Lafayette,Ap #411-9023 Iaculis, St.
259,Vacaville,P.O. Box 357, 3772 Mi Rd.
260,Parma,Ap #730-6783 Blandit. St.
261,Lynn,Ap #684-5167 Sem Street
262,Lawrenceville,969-2899 Ut Street
263,Hermosa Beach,546-4725 Tincidunt, St.
264,Hamilton,5391 Eleifend. Street
265,Meriden,448-7949 Ipsum St.
266,Broken Arrow,2990 Morbi Street
267,Worland,209-1321 Blandit Av.
268,Saipan,P.O. Box 108, 5315 Aenean Road
269,Newark,9175 Eu, Avenue
270,Edmond,774 Erat Rd.
271,Oro Valley,403-5235 Ante Rd.
272,Sacramento,7962 Nisl Av.
273,New Castle,Ap #113-127 Diam Avenue
274,Cedar Falls,Ap #820-5227 Id St.
275,Orem,6330 Laoreet, Road
276,Terre Haute,Ap #966-1618 Congue. Ave
277,Aliquippa,5461 Sit Ave
278,Laredo,P.O. Box 803, 2590 Rutrum, Road
279,Signal Hill,9740 A Street
280,Elizabeth City,3223 Aenean Ave
281,Michigan City,P.O. Box 194, 9790 Nec Street
282,Texas City,P.O. Box 704, 2499 Aenean Avenue
283,Port Huron,P.O. Box 100, 1286 A Av.
284,Fernley,P.O. Box 621, 6294 Ipsum Road
285,Bridgeport,3336 Blandit Avenue
286,Palos Verdes Estates,3225 A Av.
287,Benton Harbor,6635 Amet, Street
288,Dothan,749-7903 Adipiscing Street
289,El Cerrito,290-5750 Nunc Av.
290,Roanoke,504-7059 Rhoncus. St.
291,Enid,2910 Ligula. St.
292,Valdosta,8495 Morbi Rd.
293,Tok,P.O. Box 973, 8416 Sed, Rd.
294,Nenana,6126 Eu Rd.
295,Irving,187 Sed Av.
296,Chicago,Ap #856-6640 Nibh. Road
297,Scranton,P.O. Box 809, 4616 Amet Rd.
298,Pittston,Ap #772-8143 Consectetuer Street
299,Pulaski,467-2880 Ac Rd.
300,Cruz Bay,853-6886 Gravida Ave
301,Laguna Woods,6125 Libero Av.
302,Orange,Ap #218-5357 Nascetur Road
303,Gallup,P.O. Box 903, 8322 Praesent Street
304,Springfield,Ap #421-8956 Euismod Rd.
305,Winston-Salem,3425 At, St.
306,Minneapolis,P.O. Box 850, 8461 Elementum, St.
307,Troy,883-522 Bibendum. Rd.
308,Merizo,P.O. Box 671, 4780 Tincidunt, Road
309,Asbury Park,Ap #120-9001 Nisi Street
310,Boston,Ap #119-8784 Ac Av.
311,Bell,P.O. Box 665, 5505 Interdum Ave
312,Waltham,956-8596 Molestie Avenue
313,Lawndale,6518 Ultrices Street
314,Tok,688-4279 Penatibus Ave
315,Hermitage,488-2610 Mauris Rd.
316,Galesburg,313 Auctor Street
317,Irvine,160-5602 Nullam Rd.
318,Sandpoint,572-6764 A, Road
319,Carson City,870-9271 Eu, Rd.
320,Buena Park,Ap #817-6127 Duis Street
321,Bozeman,437-8413 Scelerisque Avenue
322,Jonesboro,P.O. Box 230, 4505 Mollis Road
323,Methuen,2369 Non Rd.
324,Wynne,P.O. Box 290, 8357 Penatibus Road
325,Ames,502-6277 Donec Avenue
326,Boise,P.O. Box 987, 1479 Sed, Ave
327,Macomb,283-5789 Varius Rd.
328,Kokomo,201-1121 Nascetur St.
329,Newport News,2715 Nunc Ave
330,West Palm Beach,P.O. Box 806, 5846 Eu Street
331,Meadville,Ap #222-8226 Sem Ave
332,Moreno Valley,863-6573 Tincidunt Road
333,New Brunswick,599-5162 Sed, St.
334,Hawaiian Gardens,465-1474 Sed St.
335,Redlands,P.O. Box 516, 7583 Lorem, Avenue
336,Nashua,645-3079 Aliquam St.
337,Bowie,642-4309 Augue Rd.
338,Bossier City,P.O. Box 531, 4100 Lacus. Av.
339,Portland,3383 Cursus St.
340,LaGrange,9694 Libero St.
341,Boston,Ap #372-8910 Ornare Ave
342,Winston-Salem,P.O. Box 190, 7697 Curabitur St.
343,Malden,Ap #928-508 Consectetuer St.
344,Sharon,Ap #329-5129 Nulla Rd.
345,Huntington Park,693-8129 Et, Avenue
346,Hartland,P.O. Box 511, 4168 Suspendisse St.
347,Worcester,P.O. Box 567, 4270 Arcu. Street
348,Waukegan,P.O. Box 696, 550 Sapien. St.
349,Cleveland,Ap #131-7039 Tempor, Rd.
350,Cape Coral,P.O. Box 858, 9477 Odio Street
351,Valparaiso,P.O. Box 381, 1689 Neque. Ave
352,Kalispell,4827 Arcu. Rd.
353,Brunswick,P.O. Box 375, 5655 Elit, Road
354,Selma,817-3717 Lorem Ave
355,Great Falls,7881 Ac Rd.
356,Needham,Ap #863-4422 Id Ave
357,Methuen,4650 Gravida. Rd.
358,Coos Bay,944-3666 Sagittis. Avenue
359,Lake Forest,635-6654 Mollis Avenue
360,New Castle,8915 Est. St.
361,Manassas Park,P.O. Box 448, 4156 Erat Ave
362,Orange,P.O. Box 455, 4490 Mollis. Av.
363,Danbury,7941 Cursus Rd.
364,West Hartford,240-829 Neque St.
365,Pullman,229-7656 Vulputate Ave
366,Fountain Valley,P.O. Box 739, 4287 Eget Street
367,Kenosha,Ap #970-3132 Dolor St.
368,Berkeley,589 Massa. Rd.
369,Lincoln,890-4374 Primis St.
370,Milwaukee,719-5095 Diam St.
371,La Habra Heights,766-8764 Tellus Av.
372,Covington,324-190 Molestie Street
373,Fayetteville,Ap #171-332 Nisi St.
374,Riverton,9888 Rutrum Ave
375,Newport News,Ap #413-8746 Dictum. Rd.
376,Elmira,Ap #699-8322 Egestas. Road
377,La Jolla,Ap #879-3695 Iaculis St.
378,Sutter Creek,967-3663 Facilisis. Rd.
379,Los Angeles,P.O. Box 763, 8698 Dolor St.
380,Benton Harbor,Ap #952-4104 Quis, St.
381,Lomita,9394 Mauris Street
382,Vergennes,738-366 Nec Road
383,Gatlinburg,P.O. Box 755, 3403 Neque. Avenue
384,Chula Vista,P.O. Box 281, 9349 Metus. Av.
385,Thousand Oaks,213-6494 Fusce St.
386,Covington,809-9945 Sed St.
387,Hagerstown,1840 Urna. Ave
388,Hawaiian Gardens,723-7134 Tellus Rd.
389,Clarksville,884-441 Dolor. Av.
390,La Verne,Ap #836-1939 Ultricies Avenue
391,Opelousas,P.O. Box 655, 8176 Vitae Road
392,Wisconsin Dells,Ap #350-9426 Massa St.
393,Sturgis,191-4310 Neque Ave
394,Beverly,5478 Egestas. Rd.
395,Galveston,P.O. Box 932, 5506 Libero St.
396,Waycross,553-4076 Sed St.
397,Arcadia,Ap #547-846 Sollicitudin Road
398,Valdosta,Ap #254-3248 Odio Avenue
399,Paducah,589 Suscipit, Road
400,Hanahan,554-5070 Urna, Road
401,Farmer City,333-8627 Mollis. Rd.
402,Tupelo,P.O. Box 139, 5347 Blandit Avenue
403,Powell,P.O. Box 156, 301 Consequat Rd.
404,Gilbert,7864 Egestas Ave
405,Norton,P.O. Box 417, 5207 Non, St.
406,Norton,Ap #374-2158 Purus. Av.
407,West Memphis,Ap #150-3436 Enim St.
408,Opelousas,442 Cursus St.
409,Davenport,Ap #304-7516 Habitant St.
410,Las Vegas,246-5415 Arcu Road
411,Scottsbluff,Ap #536-8823 Et St.
412,Wilson,P.O. Box 824, 4627 Pellentesque Av.
413,Corry,2090 Nec, St.
414,Tucson,Ap #888-9747 Mi Road
415,Williamsport,306 Elit Rd.
416,Vergennes,Ap #844-7437 Leo Rd.
417,Iowa City,103-4662 Diam. Rd.
418,Martinsburg,Ap #956-478 At Avenue
419,Manassas,616-6920 Turpis Avenue
420,Deadwood,173 Sed Rd.
421,Ocean City,4325 Volutpat Avenue
422,Oxnard,P.O. Box 944, 7923 Vel, St.
423,Lansing,P.O. Box 777, 1775 Non Street
424,Rock Island,871-1567 Consectetuer St.
425,Newport,9797 Dictum Av.
426,Littleton,P.O. Box 610, 9190 Velit Avenue
427,West Covina,Ap #246-6820 Enim Rd.
428,Lynchburg,283-1861 Diam St.
429,Cypress,5848 Urna. Avenue
430,Daly City,2130 Odio. Ave
431,Milford,P.O. Box 453, 1799 Lobortis St.
432,Davenport,P.O. Box 959, 6840 Elit, St.
433,Richmond,163-5241 Sed Road
434,Quincy,6508 Vehicula. Ave
435,Nichols Hills,6371 Egestas Street
436,West Lafayette,Ap #445-329 Nulla Av.
437,Moultrie,7389 Tortor, St.
438,Fairmont,7360 Euismod Ave
439,Santa Fe Springs,8460 Sociis St.
440,Raleigh,Ap #819-1817 Eros Rd.
441,Marquette,P.O. Box 985, 7140 Quisque St.
442,Aguadilla,P.O. Box 187, 8727 Sit St.
443,Dearborn,Ap #900-3056 Nunc Rd.
444,Lahaina,6292 Augue St.
445,Woodward,P.O. Box 267, 419 Natoque Road
446,Waltham,3862 Felis Rd.
447,Rancho Cucamonga,Ap #509-1944 Non, St.
448,Rutland,4654 Mauris St.
449,Orem,9769 Mi Road
450,Wilkes-Barre,Ap #150-4258 Magna Ave
451,West Jordan,1386 Ipsum. Rd.
452,Westminster,359-521 Cras St.
453,Juneau,Ap #818-602 Tincidunt Rd.
454,Parkersburg,364-8618 Mollis Rd.
455,Franklin,142-4367 Imperdiet Av.
456,Juneau,Ap #165-3808 Sed Road
457,Rocky Mount,3897 Dolor Avenue
458,Danbury,P.O. Box 455, 4486 Laoreet Av.
459,Atwater,9570 Non, St.
460,Laguna Beach,4055 Lorem Av.
461,Oakland,P.O. Box 638, 9142 Eu Rd.
462,Laconia,9895 Luctus Avenue
463,Ann Arbor,989-7434 Convallis Av.
464,Denver,Ap #348-5859 Ornare. St.
465,San Luis Obispo,316-3618 Sed Rd.
466,Auburn Hills,P.O. Box 177, 955 Quis, St.
467,Santa Clarita,P.O. Box 987, 4025 Nec Rd.
468,Ann Arbor,4242 Urna St.
469,Chattanooga,770-3248 Non Rd.
470,Orem,8662 Penatibus St.
471,Hazleton,690-2334 Gravida St.
472,Newton,767-8677 Metus Street
473,Laguna Beach,764-4362 Faucibus Street
474,Hagerstown,8049 Turpis Rd.
475,Williston,Ap #137-2417 Dignissim St.
476,Irwindale,214-451 Ipsum Rd.
477,Bismarck,6686 Morbi Rd.
478,Bowie,Ap #373-7966 Ligula Rd.
479,Baytown,277-8133 A, Street
480,Hornell,P.O. Box 209, 4339 Dolor Av.
481,Chattanooga,P.O. Box 971, 2887 Urna. Av.
482,Commerce,Ap #702-2153 Elit. Road
483,Cruz Bay,Ap #407-961 Fermentum Av.
484,Marquette,8356 A St.
485,Gardner,422-3525 Donec Street
486,Kennewick,6367 Etiam Rd.
487,Midwest City,7777 Donec Avenue
488,Fallon,556-2223 Eu Rd.
489,Evanston,804-9626 Lorem Rd.
490,Leominster,1232 Non, Av.
491,Arcadia,635-2670 Ut Rd.
492,Syracuse,254-8092 Ut Avenue
493,Coral Springs,452-5943 Ac, St.
494,Agat,245-2420 Sit Av.
495,Arvada,Ap #928-5530 Feugiat Ave
496,Pembroke Pines,P.O. Box 390, 2974 Lobortis Ave
497,Jamestown,677-8620 Vel Ave
498,Butler,P.O. Box 400, 2066 Iaculis, Av.
499,Santa Monica,Ap #628-9661 Quisque Av.
500,Uniontown,Ap #278-195 Tincidunt St.
501,Columbus,627 Quisque Avenue
502,Fairbanks,878-7955 Phasellus Rd.
503,Burlington,5372 Ante Avenue
504,Carbondale,6338 Arcu Ave
505,Marshall,Ap #582-8406 Eu St.
506,Mount Pleasant,Ap #429-9269 Id St.
507,Miami Beach,4314 Eget, Avenue
508,Kokomo,499-252 Aenean Street
509,Christiansted,727-2863 Egestas, Rd.
510,Durant,5495 Magnis Av.
511,Frisco,5885 Sollicitudin Road
512,Jackson,159-2091 Amet, Avenue
513,Garland,2359 Ipsum Rd.
514,Valdez,2086 Nulla Ave
515,Beloit,7618 Lobortis Rd.
516,Riverside,Ap #680-8914 Nec Rd.
517,Artesia,Ap #505-3120 Ac Av.
518,Minneapolis,1334 Mi Road
519,Evanston,Ap #381-9421 Aliquet. Avenue
520,Clemson,752-6498 Vitae, St.
521,Apple Valley,P.O. Box 152, 337 Egestas Road
522,Saginaw,7490 Quis, St.
523,Paducah,P.O. Box 144, 4292 Placerat, St.
524,Albany,174-2169 Odio. Ave
525,Port Washington,1747 Magna. Road
526,North Little Rock,Ap #254-2198 Commodo Av.
527,San Marino,Ap #261-2997 Posuere Street
528,Hartford,Ap #980-2154 Ante Avenue
529,Oxnard,1126 Neque St.
530,New York,958-7034 Velit Street
531,Fort Collins,9336 Dolor Road
532,Alexandria,3990 Nulla St.
533,Henderson,Ap #772-5044 Aliquam Rd.
534,North Chicago,513 Erat. Rd.
535,Tampa,6905 Et Av.
536,Scottsdale,9962 Amet St.
537,Gatlinburg,842-3568 Et, Road
538,Laredo,3575 Ut St.
539,Marquette,953-6678 Ut, St.
540,Ocean City,Ap #374-5810 Laoreet Rd.
541,Montpelier,625-2989 Nibh. Street
542,City of Industry,P.O. Box 926, 9431 Id, Rd.
543,Thibodaux,4330 Quam Road
544,Forest Lake,Ap #311-2512 Euismod Avenue
545,Phoenix,P.O. Box 470, 5917 Lectus Avenue
546,Jeffersonville,Ap #327-5731 Amet, St.
547,Fontana,1747 Rutrum, Ave
548,Santa Clara,Ap #161-5388 Fringilla St.
549,Meridian,4627 Urna, Av.
550,Moraga,908-5998 Dui Ave
551,Huntington Park,3051 Non, St.
552,Greenfield,8510 Libero. Rd.
553,Boise,520-5330 Viverra. Ave
554,Hartford,7171 Praesent Rd.
555,Bismarck,Ap #391-4822 Scelerisque Rd.
556,Durham,205 Justo Road
557,Pass Christian,3875 Pede Av.
558,Homer,P.O. Box 665, 9651 Sagittis Street
559,Wichita Falls,Ap #333-5965 Quisque Road
560,Boston,P.O. Box 912, 7870 Molestie Street
561,Rapid City,8340 In Street
562,North Adams,875-6901 Metus. Av.
563,Fort Wayne,5503 Nec, St.
564,Galveston,422-9427 Aliquam, Rd.
565,San Mateo,7845 Metus Rd.
566,Slidell,Ap #838-9134 Iaculis Ave
567,Texas City,Ap #676-5921 Elit Ave
568,South Gate,P.O. Box 770, 3619 Fusce Street
569,Yorba Linda,821-9751 At Ave
570,Seal Beach,350-6690 Vitae Ave
571,Dayton,7481 Consequat Ave
572,Minnetonka,608-1675 Ac Rd.
573,Allentown,Ap #485-1698 Non St.
574,Egg Harbor,Ap #516-6226 Amet, St.
575,Greensboro,P.O. Box 288, 8815 Arcu. Road
576,Hawaiian Gardens,661-205 Suspendisse St.
577,Downey,5715 Augue Av.
578,Hope,Ap #136-1089 Nulla Rd.
579,Winnemucca,3641 Lobortis Road
580,Utica,697-4228 Ipsum Avenue
581,Hampton,Ap #773-4059 Erat Street
582,Dothan,607-2493 Nulla. Road
583,Green Bay,742-1967 Sagittis Rd.
584,Janesville,Ap #257-9304 In St.
585,Woodruff,3648 Nec St.
586,Scottsdale,Ap #707-4710 Erat Ave
587,Kalispell,4905 A Ave
588,Clemson,Ap #555-3720 Dapibus Ave
589,Urbana,129-7242 Nec Rd.
590,Westfield,3049 Tempus Rd.
591,Santa Cruz,Ap #357-3869 Id Rd.
592,Fullerton,449 Pharetra Av.
593,Menomonee Falls,Ap #950-2554 Non Rd.
594,Eatontown,P.O. Box 703, 1761 Eu Rd.
595,Lomita,919-5451 Lacinia Avenue
596,Irwindale,878-9727 Ligula. Road
597,New Albany,Ap #183-563 At, Street
598,Natchitoches,P.O. Box 431, 5647 Praesent Rd.
599,Hawthorne,7957 Tellus. St.
600,Parma,142-7729 Purus Street
601,Fitchburg,Ap #941-5192 Magna. St.
602,Harrisburg,Ap #276-7011 Ipsum St.
603,Plattsburgh,873-4393 Nec, Street
604,Port Washington,487-8014 Elit, Av.
605,Cape May,546-135 Dictum. Avenue
606,Covington,365-5302 Sem Rd.
607,Twin Falls,P.O. Box 351, 6328 Lorem Road
608,Raleigh,P.O. Box 402, 7346 Dolor Av.
609,Laguna Niguel,454-5865 Mauris, St.
610,Berlin,P.O. Box 968, 1980 Molestie Ave
611,Attleboro,Ap #608-2826 Congue Avenue
612,Chester,Ap #557-2264 Sodales Avenue
613,Davenport,P.O. Box 351, 5462 Nisl St.
614,Selma,431 Dui, Rd.
615,Wynne,Ap #327-1613 Integer St.
616,Laredo,Ap #481-8290 Donec St.
617,Danbury,Ap #674-5805 Velit Avenue
618,Corpus Christi,156-8899 Scelerisque Av.
619,Pottsville,278-6928 Lobortis Ave
620,Lodi,Ap #735-5061 Dictum. Street
621,Saginaw,8424 Dictum. Avenue
622,Hanahan,P.O. Box 802, 7521 Erat St.
623,Placentia,Ap #237-3957 Nullam Avenue
624,Newark,P.O. Box 779, 5853 A, St.
625,Jefferson City,Ap #723-7088 Adipiscing St.
626,Gainesville,Ap #224-4513 Vitae Rd.
627,Grass Valley,614-303 Eu, Street
628,Chelsea,P.O. Box 852, 5346 Tincidunt Road
629,Lexington,Ap #718-3335 Quis Rd.
630,Colorado Springs,755-4703 Odio. Ave
631,Winnemucca,599-7994 Nunc Rd.
632,Tucson,P.O. Box 379, 8752 Sem Street
633,Chico,Ap #616-9859 Dui. St.
634,Bell,Ap #706-1417 Egestas. Rd.
635,White Plains,Ap #219-9753 Nam Street
636,Covington,5725 Sed St.
637,Montebello,969-6179 Donec Rd.
638,San Juan,990-3254 Sagittis Av.
639,Sierra Vista,4262 Aliquet Road
640,Arlington,P.O. Box 494, 8026 Et, Rd.
641,Redondo Beach,6857 Hendrerit. Ave
642,Sandpoint,528-7245 In Street
643,St. Petersburg,Ap #353-1226 Bibendum. Road
644,Uniontown,Ap #321-8236 Imperdiet Road
645,Oakland,P.O. Box 297, 8564 Placerat, Av.
646,Oro Valley,P.O. Box 816, 5501 Id, Rd.
647,Valparaiso,P.O. Box 974, 8374 Tincidunt Road
648,Titusville,P.O. Box 533, 5641 Feugiat Street
649,Goose Creek,1500 Nulla Av.
650,Belpre,Ap #505-302 Nullam Av.
651,West Valley City,9041 Nunc Ave
652,Vermillion,3785 Placerat Rd.
653,Santa Fe Springs,Ap #918-1820 Sapien, Road
654,Vancouver,533-597 Est Rd.
655,Fredericksburg,868-9839 Quis St.
656,Camden,P.O. Box 649, 6943 Nec St.
657,Bellflower,9627 Blandit Rd.
658,La Habra Heights,610-4203 Arcu. Ave
659,Hilo,Ap #457-8198 Suspendisse Road
660,Alamogordo,674-5231 Sit St.
661,Buena Park,663-7429 Augue Rd.
662,Arvada,Ap #940-6685 Ipsum. Av.
663,Los Alamitos,887-4614 Proin Av.
664,Peru,P.O. Box 810, 5979 Litora St.
665,South Pasadena,732 Fringilla St.
666,Parker,231-6104 Purus St.
667,Villa Park,P.O. Box 730, 1960 Lectus Rd.
668,Clovis,Ap #329-9784 Auctor Ave
669,Ketchikan,Ap #917-7074 Quis Ave
670,Lockport,588-5382 Fusce Rd.
671,Hampton,Ap #571-1862 Fusce St.
672,Chattanooga,7020 Augue St.
673,Rosemead,P.O. Box 713, 4617 Fusce Av.
674,Hidden Hills,P.O. Box 400, 6253 Nec Avenue
675,Agoura Hills,Ap #632-4336 Fusce St.
676,Azusa,241-3502 Sit Av.
677,San Luis Obispo,P.O. Box 459, 3026 Odio Rd.
678,Wausau,3039 Mauris Street
679,West Valley City,Ap #271-7824 Sapien Ave
680,West Hollywood,9381 A Av.
681,Farrell,739-1682 Consectetuer, Road
682,New Bedford,281-128 Ultrices. Rd.
683,Oklahoma City,Ap #790-5825 Faucibus Street
684,Jenks,Ap #772-1705 Senectus Rd.
685,Tucson,Ap #381-1197 Etiam St.
686,Odessa,P.O. Box 951, 4122 Tellus Ave
687,Clearwater,Ap #969-4810 Malesuada. Street
688,Pasco,2322 Dui St.
689,South Bend,1098 Et Rd.
690,Hampton,266-3867 Fermentum Street
691,Woburn,Ap #191-1953 Felis Rd.
692,Ogden,6104 Sed Rd.
693,Stillwater,275-2027 Sit Rd.
694,Jackson,764-821 Ante Road
695,Claremore,1113 Pede Road
696,Plantation,Ap #562-9745 Sapien, Rd.
697,Gardena,6672 Diam St.
698,Rochester,Ap #388-8448 Risus, Street
699,Westminster,724-4625 Cum St.
700,Odessa,2791 Risus Rd.
701,White Plains,Ap #707-8586 Sed Road
702,Hanahan,Ap #823-9931 Phasellus Av.
703,Owensboro,764-3768 Fusce Ave
704,Sandy Springs,657-7248 Mauris Road
705,Albuquerque,646-2088 Cursus. Road
706,Port Orford,P.O. Box 326, 5389 Ligula Av.
707,Wausau,3176 Metus Ave
708,Manchester,5245 Ligula. Avenue
709,La Habra Heights,384-2340 Donec Avenue
710,Monterey Park,Ap #111-3291 Vulputate, Avenue
711,Arvada,Ap #276-3887 Convallis Rd.
712,Sioux Falls,755 Amet, Avenue
713,North Chicago,P.O. Box 401, 3650 Magna. Road
714,Chickasha,7481 Purus. Av.
715,Bethany,Ap #232-9210 Eu Avenue
716,East St. Louis,801-7681 Gravida. Street
717,Ashland,4290 Imperdiet St.
718,Bayamon,Ap #302-8677 Ante Rd.
719,Sun Valley,P.O. Box 474, 550 Et Street
720,Vincennes,P.O. Box 220, 7937 Eu St.
721,Fargo,366-3392 Aliquam St.
722,Denver,P.O. Box 289, 2521 Habitant Road
723,Newport Beach,P.O. Box 982, 1393 Tincidunt Avenue
724,Woburn,P.O. Box 897, 1159 Egestas. Ave
725,Easthampton,961-4077 Vulputate Street
726,Claremore,P.O. Box 726, 7541 Velit. Rd.
727,Meriden,1381 Ornare, Av.
728,Ann Arbor,164-8758 Blandit Ave
729,Everett,P.O. Box 904, 764 Lobortis Av.
730,Amesbury,2762 Dolor Street
731,Placentia,492 In Ave
732,Cairo,6547 Egestas. Ave
733,Oneonta,7184 Neque Rd.
734,Reading,4273 Curabitur St.
735,Flagstaff,915-3534 Ullamcorper. Street
736,Kennewick,258-3789 Ipsum Ave
737,Bend,P.O. Box 975, 3572 Morbi Street
738,Spokane,Ap #587-5791 Malesuada St.
739,Forrest City,2801 Diam Street
740,Butte,P.O. Box 594, 9978 Sapien Rd.
741,Atwater,5694 Accumsan Rd.
742,Quincy,9725 Amet Avenue
743,Columbus,Ap #797-7972 Ac Avenue
744,McAllen,P.O. Box 629, 5985 Molestie Road
745,Johnson City,Ap #736-4418 Vel Av.
746,Peoria,Ap #238-8815 Diam Road
747,Passaic,6605 Tincidunt Rd.
748,Irving,756-3931 Consectetuer Av.
749,Brown Deer,875-561 Vel Avenue
750,Yigo,390-425 Odio Rd.
751,Carolina,274-4668 Proin Ave
752,Menomonee Falls,716-9599 Ut St.
753,Vermillion,4481 Ut Ave
754,Laguna Woods,969 Gravida Rd.
755,West Valley City,3210 Sem St.
756,New Bedford,Ap #567-4028 Feugiat Rd.
757,Hartford,4678 Quisque Rd.
758,Orangeburg,944-6583 Tellus, Ave
759,Kent,1640 Mus. Road
760,Moraga,Ap #472-210 Eu St.
761,Santa Fe,775-9631 Ac, Street
762,Bay St. Louis,265-9505 Sapien Road
763,El Segundo,P.O. Box 439, 9636 Parturient Rd.
764,College Park,4635 Vehicula Road
765,Fort Worth,1832 Vestibulum St.
766,Port Orford,Ap #585-5164 Vel, St.
767,Washington,P.O. Box 604, 8356 Libero Rd.
768,Kalamazoo,Ap #452-4044 Lacinia. Av.
769,Weirton,P.O. Box 820, 7778 Aliquet. Road
770,Zanesville,P.O. Box 371, 8434 Class St.
771,Coral Springs,585-5589 Gravida St.
772,Tok,536-4114 Lobortis Av.
773,Costa Mesa,6312 Ac St.
774,McAllen,772-7125 Varius. Rd.
775,Broken Arrow,645-7337 Mus. Ave
776,Paducah,Ap #515-3176 Amet, Avenue
777,Des Moines,Ap #875-5785 Sapien, St.
778,Coos Bay,P.O. Box 475, 7666 Hymenaeos. Ave
779,Rensselaer,344-8979 Pharetra St.
780,Artesia,Ap #780-352 Velit. Road
781,Laguna Woods,208-9358 Neque Rd.
782,Ponce,701 Aliquam Avenue
783,Sault Ste. Marie,P.O. Box 341, 3808 Ac Street
784,Lima,264-4491 Risus. St.
785,Quincy,P.O. Box 549, 2255 Tincidunt Rd.
786,Suffolk,997-1001 Nisl. Ave
787,Isle of Palms,8858 Mi Av.
788,Portsmouth,P.O. Box 178, 7803 Tellus Ave
789,Lancaster,Ap #623-7362 Ante Street
790,Perth Amboy,5067 Convallis Rd.
791,Monrovia,816-4159 Ornare. Ave
792,Rensselaer,P.O. Box 754, 3105 Elit Rd.
793,Walla Walla,3162 Massa St.
794,Dickinson,Ap #382-3696 Egestas. St.
795,Deadwood,9225 Morbi St.
796,Miami Gardens,P.O. Box 964, 1515 Aliquam Road
797,Moorhead,596-636 Nullam Rd.
798,Lewiston,900-3866 Egestas. Road
799,Coos Bay,P.O. Box 357, 3318 Mauris Rd.
800,Hackensack,771-4695 Mus. Rd.
801,Cleveland,Ap #498-1231 Lectus St.
802,Rensselaer,420-4286 Dolor. Av.
803,Greenfield,Ap #351-5944 Malesuada Ave
804,Bismarck,Ap #570-846 In Av.
805,Ardmore,Ap #227-4767 Tempor Ave
806,Attleboro,P.O. Box 931, 2290 Aenean Av.
807,Frankfort,P.O. Box 972, 6078 Amet Street
808,Narragansett,129-7363 Gravida Rd.
809,Toledo,Ap #845-7338 Feugiat St.
810,Rocky Mount,492-7597 Sem Rd.
811,West Lafayette,Ap #706-128 Orci. St.
812,West Jordan,P.O. Box 247, 6454 In, Ave
813,Santa Fe,165-9965 Lorem Avenue
814,Youngstown,P.O. Box 687, 9497 Gravida St.
815,Walla Walla,Ap #908-2517 Sed Av.
816,Fort Worth,629-4018 Cursus Ave
817,Hoboken,P.O. Box 773, 5472 Justo. Road
818,Placentia,Ap #835-3899 Nisi Street
819,Orangeburg,266 Nunc. Road
820,Agoura Hills,587-5071 Donec Avenue
821,Frisco,P.O. Box 557, 2042 Elit. Av.
822,Rockville,354-6510 Semper Rd.
823,Baltimore,Ap #222-291 Varius Road
824,Jeannette,P.O. Box 885, 4737 Parturient Ave
825,Easton,P.O. Box 366, 7470 Nibh. St.
826,Pocatello,Ap #804-485 Non Rd.
827,Port Orford,861-2337 Nec, Avenue
828,Webster Groves,555-1960 Ipsum. St.
829,Gainesville,P.O. Box 253, 5844 Maecenas Ave
830,Laguna Hills,Ap #670-7559 Lectus Rd.
831,Irwindale,8640 Semper Road
832,Centennial,Ap #937-8805 Amet, Rd.
833,Marquette,287-1367 Vitae Av.
834,Warren,1135 Velit. Rd.
835,Kent,4737 Scelerisque Ave
836,Catskill,244 Lectus. St.
837,Kemmerer,468-9520 Sociosqu Avenue
838,Texarkana,6368 Donec Av.
839,Atlanta,P.O. Box 749, 152 Ut St.
840,Northampton,Ap #657-9193 Libero Av.
841,Jonesboro,Ap #223-4943 Nec, Road
842,Laguna Woods,Ap #204-2503 Eros Avenue
843,Cedar City,P.O. Box 955, 8959 Fames St.
844,Sutter Creek,2459 Elit. Rd.
845,Cudahy,840-6368 Ac, Av.
846,Yuma,Ap #215-6486 Ac St.
847,Palos Verdes Estates,5571 Metus St.
848,Springdale,227 Dolor, Av.
849,Vermillion,1228 Dolor Avenue
850,West Hartford,P.O. Box 566, 119 A, St.
851,Bellingham,Ap #906-5712 Laoreet Av.
852,Saint Joseph,202-3205 Enim Ave
853,Mayagüez,900-6652 Leo. Av.
854,Hilo,Ap #878-4121 Luctus Rd.
855,Redondo Beach,184 Eu Ave
856,Diamond Bar,P.O. Box 661, 7929 Mi St.
857,Ansonia,898-9869 Tempor Rd.
858,Monroe,Ap #160-9189 Aliquam Rd.
859,Idaho Falls,383-9360 Orci Street
860,Claremore,4415 In Ave
861,Lake Charles,175-8009 Sit Ave
862,Torrance,P.O. Box 497, 2948 Facilisis. Av.
863,Wilmington,P.O. Box 958, 3897 Mauris Av.
864,Duluth,1875 Aliquam Av.
865,Bozeman,108-7942 Nibh. St.
866,Elmira,202-5455 Non, Street
867,Greensburg,P.O. Box 764, 5337 Et Road
868,Owensboro,P.O. Box 900, 6860 Convallis Rd.
869,Baltimore,747 Morbi Avenue
870,Trenton,P.O. Box 296, 4505 Nunc St.
871,Corinth,Ap #350-9854 Arcu Ave
872,Rock Island,Ap #332-5738 Ut Road
873,Idabel,363-3457 Libero Street
874,Galveston,Ap #912-3234 Imperdiet Road
875,Ontario,9902 Lacus. Road
876,North Chicago,Ap #990-8316 Pellentesque St.
877,Villa Park,Ap #383-2633 Aliquet Rd.
878,Aguadilla,1333 Tempor Rd.
879,Boston,156-8570 Nisi. Rd.
880,Alpharetta,Ap #791-5969 Et St.
881,Long Beach,9459 Vitae Street
882,Temecula,7493 Donec Ave
883,Hagerstown,Ap #609-9462 Id St.
884,Fairbanks,501-5386 Felis St.
885,San Rafael,4786 Risus. Road
886,Middlebury,P.O. Box 101, 9991 Dui Street
887,High Point,601-7226 Consectetuer Avenue
888,Bessemer,Ap #428-7024 Eros St.
889,Crown Point,Ap #442-3652 Nec, Avenue
890,Alexandria,Ap #374-9723 Ornare St.
891,Yorba Linda,P.O. Box 118, 4724 Eros. Rd.
892,Dixon,P.O. Box 710, 8103 Orci Street
893,Torrance,4086 Nulla St.
894,Lakeland,6638 Dis Rd.
895,Clarksville,P.O. Box 175, 1846 Maecenas St.
896,Plymouth,Ap #328-6178 Neque. St.
897,Warner Robins,P.O. Box 715, 3395 Tincidunt St.
898,Green Bay,P.O. Box 210, 2608 Iaculis St.
899,Derby,1444 Quisque Ave
900,Lynn,Ap #629-5063 Non Street
901,Rye,P.O. Box 922, 9142 Sed St.
902,Inglewood,Ap #647-328 Enim. Av.
903,Hastings,Ap #174-6263 Ipsum. Road
904,St. Marys,160-7631 Pharetra. Av.
905,Lynn,2793 Hendrerit Street
906,Valencia,Ap #588-2098 Proin St.
907,Muskegon,P.O. Box 376, 3108 A Rd.
908,Rancho Cordova,Ap #733-4162 Ridiculus Ave
909,Rockford,P.O. Box 260, 6537 Penatibus Street
910,Chicago,Ap #342-9998 Interdum. St.
911,Altoona,P.O. Box 884, 8763 Dictum. Street
912,El Cerrito,5978 Aliquam, Street
913,North Charleston,8592 Eu, Street
914,Ada,102 Curabitur Street
915,Marshall,P.O. Box 113, 1266 Cursus St.
916,Greensburg,801-5791 Semper Road
917,Paterson,Ap #192-9163 Sagittis Rd.
918,Titusville,Ap #246-8383 Non, Rd.
919,Littleton,P.O. Box 359, 6036 Id, Av.
920,Clarksburg,108-4749 Pharetra, Rd.
921,Laguna Niguel,7219 Diam Street
922,Albany,8819 Orci, Road
923,Wheaton,9340 Diam Av.
924,Fort Smith,P.O. Box 905, 1246 Eu St.
925,Wisconsin Dells,Ap #320-2358 Fusce Road
926,Asheville,Ap #164-6066 Facilisis Street
927,Rancho Santa Margarita,Ap #428-7303 Ante. Street
928,Murrieta,Ap #137-5606 At, Ave
929,Laredo,Ap #541-8455 Pellentesque Avenue
930,Perth Amboy,P.O. Box 147, 1678 Lorem Avenue
931,Gardner,Ap #633-8328 Metus. Ave
932,Christiansted,167-1362 Montes, Ave
933,Dana Point,2284 Magna Road
934,Iowa City,4230 Fusce Ave
935,Fairbanks,7280 Sed Street
936,Claremore,459-8677 Ut Av.
937,Blythe,1395 Arcu. Rd.
938,San Fernando,8165 Commodo Rd.
939,Signal Hill,Ap #780-6077 Dictum St.
940,Daly City,Ap #767-6246 Quis Road
941,Tok,P.O. Box 811, 1330 Nam Road
942,Huntington Beach,238-4559 Nulla Avenue
943,Jacksonville,P.O. Box 914, 1128 Tincidunt Street
944,Vermillion,P.O. Box 539, 4025 Dui. Rd.
945,Port St. Lucie,P.O. Box 403, 6017 Consectetuer Av.
946,Plainfield,P.O. Box 369, 1137 Posuere Street
947,Claremore,P.O. Box 281, 4545 Consectetuer Street
948,New Haven,7368 Tellus. Ave
949,North Charleston,639-7740 Elit, Rd.
950,Stockton,Ap #867-5767 Elementum Rd.
951,Tustin,P.O. Box 788, 3348 Cras Street
952,Kalamazoo,P.O. Box 247, 6723 Nunc Rd.
953,Grambling,3538 Bibendum Street
954,Casper,P.O. Box 424, 3716 Nibh Avenue
955,Pine Bluff,Ap #659-8061 Diam Street
956,Menomonee Falls,4764 Phasellus Ave
957,Spartanburg,669-3094 Interdum Av.
958,Johnstown,4167 A Avenue
959,Eau Claire,501-7468 Velit Ave
960,Lincoln,P.O. Box 945, 3489 Elit St.
961,Toledo,779-8603 Et St.
962,Kearns,P.O. Box 122, 9996 Ipsum Ave
963,Sitka,Ap #369-2154 Magnis Road
964,Avalon,9549 Dictum Avenue
965,Hopkinsville,P.O. Box 695, 6559 Nec Rd.
966,Cedar Falls,Ap #235-9927 Elit. Rd.
967,La Habra,Ap #747-6474 Nec Road
968,Ponce,P.O. Box 235, 1316 In Rd.
969,Gloucester,3160 Quam St.
970,Winooski,Ap #373-9115 Malesuada Ave
971,Concord,P.O. Box 553, 7624 Ac, St.
972,Grand Island,939-9076 Luctus St.
973,Bellingham,708 Pretium Rd.
974,Omaha,3080 Non St.
975,Guánica,768-3234 Euismod Rd.
976,Stillwater,P.O. Box 101, 2892 Et Street
977,Easton,Ap #102-2698 Ultrices St.
978,West Jordan,P.O. Box 561, 7897 Vulputate, St.
979,Sedalia,7610 Magna. Rd.
980,Kearns,710-4563 Ac St.
981,Bentonville,P.O. Box 300, 3829 Nisl Street
982,Calabasas,Ap #591-2405 Et, Rd.
983,Norman,Ap #980-2278 Risus, St.
984,Beverly Hills,Ap #290-8127 Nec St.
985,Irwindale,Ap #992-5617 Lacus. Av.
986,Woodruff,276-7770 Aliquet Rd.
987,Paramount,962-8276 Pede. Street
988,McKeesport,Ap #250-6170 Tincidunt Rd.
989,West Hartford,9133 Augue. Road
990,Moultrie,P.O. Box 717, 8658 Elit Street
991,Douglas,816-1594 Mollis Av.
992,Lockport,8515 Commodo Av.
993,Cary,Ap #442-3176 Adipiscing Ave
994,Irvine,819-3100 Egestas Avenue
995,Hammond,P.O. Box 139, 1485 Nunc Avenue
996,Stafford,P.O. Box 781, 6880 Id Road
997,Torrance,763-261 Nunc St.
998,Gainesville,5657 Phasellus Av.
999,Coatesville,Ap #307-3532 Lectus Avenue
1000,Manhattan,P.O. Box 484, 8860 Mauris Ave

