id_ubezpieczyciela,nazwa,miejscowosc,adres
1,Link4,Naperville,573-9059 Sodales Rd.
2,Generali,Stanton,Ap #558-6530 Lobortis. Avenue
3,Generali,Baton Rouge,Ap #542-9362 Fringilla Rd.
4,Link4,Temecula,Ap #411-4873 Mi. Av.
5,Generali,Kingston,P.O. Box 439, 1867 Iaculis, St.
6,Allianz,Monongahela,5488 Tempor Street
7,Allianz,Coos Bay,984-6576 Sem, Av.
8,Aviva,Green Bay,3433 Mauris Street
9,AXA,Malibu,439-5602 Quis, Ave
10,4Life,Idaho Springs,Ap #111-2721 Erat, Street
11,4Life,Baytown,Ap #266-6530 Non, Street
12,Link4,Pass Christian,774-6306 Aenean Road
13,Link4,Centennial,6299 Ipsum. Av.
14,Aviva,Hackensack,P.O. Box 694, 8439 Pellentesque Ave
15,Link4,Eufaula,254-4434 Pede. Rd.
16,Link4,Rohnert Park,376-9281 Semper. Rd.
17,AXA,Florence,4780 Dolor, Street
18,Generali,Brockton,3742 Sit Road
19,Link4,Rutland,Ap #573-1561 Neque St.
20,4Life,Bismarck,4391 Magna Road
21,4Life,Effingham,Ap #183-9135 Erat Rd.
22,Aviva,New Britain,4331 Libero. St.
23,Link4,Hot Springs,Ap #844-6536 Ligula. St.
24,Ergo Hestia,Bradford,151-9073 Dapibus Av.
25,Ergo Hestia,White Plains,422-2728 Pede Rd.
26,Ergo Hestia,Downey,P.O. Box 126, 6340 Non, St.
27,Ergo Hestia,Lafayette,263 In Street
28,Allianz,Vergennes,Ap #655-4358 Cursus Av.
29,Aviva,Broken Arrow,P.O. Box 750, 1344 Nam Rd.
30,Generali,Forest Lake,450-8479 Pharetra, Avenue
31,AXA,Anchorage,Ap #225-6161 Orci. Rd.
32,Aviva,Covina,5948 Lectus Av.
33,Link4,Cerritos,266-5269 Sit Avenue
34,Allianz,Ocean City,2665 Justo Ave
35,4Life,Sierra Vista,P.O. Box 269, 8433 Ornare St.
36,Allianz,Waukegan,Ap #425-4218 Eu Avenue
37,4Life,Duluth,Ap #298-825 Malesuada Road
38,Aviva,Newport,Ap #636-2263 Lorem Avenue
39,Allianz,Hilo,387-3566 Odio Avenue
40,4Life,Steubenville,P.O. Box 647, 903 Eleifend Av.
41,AXA,Waco,8947 Gravida. St.
42,AXA,Wynne,Ap #325-9537 Pharetra. St.
43,Ergo Hestia,Bozeman,831-5640 Morbi Av.
44,4Life,Aguadilla,447-2052 Pharetra. Av.
45,Allianz,Casper,1060 Faucibus St.
46,Link4,Pendleton,P.O. Box 918, 8430 Libero. Ave
47,Allianz,Littleton,3209 Nulla St.
48,AXA,Kenosha,734-5132 Rutrum Rd.
49,4Life,North Platte,P.O. Box 694, 7363 In Rd.
50,Link4,Visalia,817-3315 Pede, Avenue
51,Generali,Concord,783-7518 Convallis Ave
52,Generali,Westlake Village,P.O. Box 327, 9779 Sapien. St.
53,Generali,Meridian,404-471 Suspendisse Street
54,4Life,Kearns,P.O. Box 793, 6434 Nulla Street
55,AXA,Denver,Ap #528-3141 Cras Ave
56,Aviva,West Valley City,P.O. Box 121, 7584 Montes, Av.
57,Generali,Ponce,9552 Consectetuer Av.
58,Aviva,La Habra,540-2229 Arcu. Street
59,Aviva,Eatontown,Ap #701-1298 Nulla. St.
60,AXA,Springfield,P.O. Box 334, 5569 Tincidunt Street
61,Aviva,Duarte,412-9761 Vulputate Road
62,Generali,San Fernando,Ap #479-2953 Nascetur Ave
63,4Life,Galesburg,167-7596 Augue Rd.
64,Ergo Hestia,Fredericksburg,Ap #118-1561 Ac Av.
65,Aviva,Port St. Lucie,677-6874 Aliquam Road
66,Generali,Huntsville,712-8604 Lacinia St.
67,Aviva,La Verne,P.O. Box 781, 4791 Montes, St.
68,AXA,Everett,P.O. Box 554, 3238 Scelerisque Avenue
69,Allianz,Santa Monica,P.O. Box 104, 9873 Nunc Road
70,Link4,Ruston,P.O. Box 489, 3088 Lorem Rd.
71,Ergo Hestia,Hannibal,P.O. Box 553, 7666 Blandit Rd.
72,Ergo Hestia,Pendleton,P.O. Box 893, 5409 Magna. Avenue
73,Generali,Wahoo,P.O. Box 924, 2541 Et, Rd.
74,4Life,Bossier City,Ap #449-9514 Dignissim Rd.
75,Allianz,Laconia,8069 Vulputate St.
76,4Life,New Iberia,2164 Sem Rd.
77,Link4,Middlebury,Ap #429-6215 Mauris St.
78,Link4,Sandy Springs,255-6460 Orci, Avenue
79,Aviva,Decatur,Ap #574-2793 Amet, Road
80,Link4,Middletown,Ap #199-191 Leo Road
81,AXA,Fayetteville,Ap #982-2200 Arcu. Rd.
82,Link4,Guayanilla,7548 Elit Road
83,Aviva,Easthampton,P.O. Box 706, 2808 Posuere Rd.
84,Generali,Lafayette,Ap #861-9173 Dolor. Av.
85,Aviva,Claremore,619-2622 Varius St.
86,Allianz,Fort Collins,193 Nascetur Rd.
87,Ergo Hestia,Gardner,107-1970 Tincidunt. Ave
88,Aviva,Sunbury,Ap #976-2958 Ornare Street
89,Generali,Dickinson,Ap #480-2719 Suspendisse Rd.
90,Allianz,Scottsbluff,P.O. Box 397, 4452 Erat St.
91,Generali,Moorhead,P.O. Box 851, 6213 Non St.
92,Ergo Hestia,Grand Rapids,343-9066 Eu Ave
93,Allianz,Zanesville,6039 Tellus. Rd.
94,Allianz,Sheboygan,482 Ut Avenue
95,Aviva,Sacramento,P.O. Box 708, 6048 Interdum Rd.
96,Allianz,Needham,131-7302 Ac Ave
97,4Life,Scarborough,8910 Sodales St.
98,Aviva,Port Arthur,Ap #750-1580 Malesuada Rd.
99,Allianz,San Marino,P.O. Box 180, 2734 Mauris Rd.
100,Link4,Visalia,Ap #241-7575 Vitae Rd.
101,Generali,York,2086 Ut Road
102,Ergo Hestia,Shawnee,804-8084 Nibh Ave
103,Allianz,Galesburg,P.O. Box 608, 5592 Pharetra Ave
104,Allianz,Guthrie,315-6870 Sed Street
105,Aviva,Brookings,6520 Tellus. Av.
106,Link4,Myrtle Beach,999-508 Nulla. Av.
107,AXA,Manassas Park,Ap #656-6130 Curae; Street
108,Generali,Chino,P.O. Box 786, 6593 Luctus Ave
109,Allianz,Davenport,Ap #935-9545 Eu Road
110,Ergo Hestia,Farmer City,P.O. Box 638, 2562 Aliquam Rd.
111,AXA,Akron,P.O. Box 437, 9574 Sit St.
112,Link4,Monroe,2845 Quis Avenue
113,4Life,Plattsburgh,449-5272 Massa. St.
114,Ergo Hestia,Warwick,Ap #807-4861 Dictum. Av.
115,Aviva,Newark,P.O. Box 489, 5545 Nunc Road
116,Aviva,Laconia,5513 Nec, Rd.
117,Generali,Parma,449 Morbi Ave
118,Ergo Hestia,Waco,Ap #266-7570 Nunc Av.
119,Ergo Hestia,Brooklyn Park,8139 Natoque Street
120,Aviva,St. Petersburg,P.O. Box 207, 4674 Per Ave
121,4Life,Worcester,255 Nunc. Ave
122,AXA,Redding,5381 Lobortis, St.
123,4Life,Visalia,Ap #970-7177 Leo, Street
124,Aviva,El Cerrito,6526 Eu, Road
125,Ergo Hestia,Chattanooga,177-3131 Lobortis Rd.
126,Aviva,Jeffersonville,Ap #815-8998 Tellus, Road
127,Generali,Flagstaff,4000 Orci Ave
128,Ergo Hestia,Charleston,P.O. Box 536, 2527 Velit. Av.
129,4Life,Cape Girardeau,904-4713 Curae; Av.
130,AXA,Vancouver,790-9487 Lobortis, St.
131,Generali,Jefferson City,P.O. Box 742, 9277 Dapibus St.
132,4Life,New Bedford,255-281 Penatibus Road
133,Aviva,Valdosta,P.O. Box 231, 4275 Sed Road
134,AXA,Savannah,232-7074 Sit Road
135,Aviva,Lander,P.O. Box 159, 1919 Sit Rd.
136,Allianz,Lowell,799-5463 Lacus, Av.
137,4Life,Texarkana,P.O. Box 597, 5883 Donec Rd.
138,Aviva,Miami,Ap #108-8319 Ac Ave
139,Allianz,Indianapolis,8407 Fermentum St.
140,Aviva,Sandpoint,3656 Et Ave
141,4Life,Gulfport,564-3965 Velit Ave
142,Ergo Hestia,Muskegon,P.O. Box 614, 3869 Habitant St.
143,Allianz,Hattiesburg,999-680 Velit. St.
144,4Life,Hazleton,634-9239 Pede. Avenue
145,Aviva,Rolling Hills,7849 Tristique Av.
146,Aviva,Lahaina,1491 Nec Avenue
147,AXA,Moultrie,2930 Arcu. Rd.
148,Link4,Manitowoc,Ap #893-4318 Ante Street
149,Allianz,Kalamazoo,8508 Nec, Avenue
150,4Life,Pomona,5956 Erat Road
151,Allianz,Coatesville,670-8385 Condimentum. Ave
152,AXA,Great Falls,1095 Venenatis St.
153,Allianz,New Castle,Ap #975-9704 Commodo Rd.
154,Link4,Pueblo,808-7496 Maecenas Road
155,4Life,Sturgis,3642 Vel Road
156,AXA,Martinsburg,234 Magna, Av.
157,AXA,Bandera,P.O. Box 347, 7139 Quam. Rd.
158,Aviva,Seaford,984-2627 Urna Ave
159,4Life,Arlington,Ap #110-4950 Ligula. Rd.
160,Allianz,Pittston,146-769 Urna Road
161,Allianz,Gadsden,P.O. Box 380, 9009 Nisl Rd.
162,Ergo Hestia,Springfield,P.O. Box 302, 5583 Ornare. Street
163,Aviva,Washington,P.O. Box 746, 8349 Venenatis Ave
164,Allianz,Macon,Ap #347-6408 Curabitur Av.
165,Ergo Hestia,Sedalia,Ap #531-3132 Amet St.
166,Ergo Hestia,West Covina,P.O. Box 222, 8638 Nisi. Ave
167,Aviva,Walnut,6445 Nulla. St.
168,Allianz,International Falls,2027 Ornare. Rd.
169,AXA,Nome,P.O. Box 621, 2302 Tincidunt, Rd.
170,Aviva,Compton,P.O. Box 509, 7119 Auctor, Ave
171,4Life,Kent,241-242 Faucibus Street
172,AXA,Moreno Valley,7781 Malesuada Rd.
173,Generali,Fayetteville,9092 Elit. St.
174,Generali,Brookfield,P.O. Box 422, 539 Vestibulum St.
175,Link4,Sheboygan,P.O. Box 490, 7422 Magna Avenue
176,4Life,Troy,7112 Sem Rd.
177,Generali,Woodward,614-2177 Et Street
178,Aviva,Sutter Creek,372-3745 Sapien Road
179,4Life,Monrovia,531-8610 Egestas. Avenue
180,Ergo Hestia,Pendleton,Ap #248-6048 Arcu. St.
181,Aviva,North Pole,2372 Maecenas Street
182,Allianz,Kearney,5743 Aliquet Rd.
183,Link4,Greensboro,627-5587 Luctus. Ave
184,Aviva,Bethany,P.O. Box 455, 1274 Praesent St.
185,Allianz,Cary,P.O. Box 646, 5116 In, St.
186,Aviva,Laguna Niguel,P.O. Box 921, 9950 Ac Rd.
187,4Life,Lynwood,P.O. Box 519, 6313 Accumsan Rd.
188,Allianz,Cody,P.O. Box 920, 3993 Laoreet St.
189,Ergo Hestia,Logan,P.O. Box 305, 799 Ipsum St.
190,Allianz,Enfield,633 Volutpat. St.
191,4Life,Placentia,P.O. Box 826, 8584 Nec Road
192,Ergo Hestia,Pueblo,944-1700 Duis Rd.
193,Ergo Hestia,Rancho Cucamonga,148 Eu Road
194,AXA,Clairton,P.O. Box 107, 9649 Penatibus Rd.
195,Allianz,Sioux City,P.O. Box 615, 1556 Mauris, Rd.
196,Aviva,Sioux Falls,Ap #423-905 Posuere, Street
197,AXA,Saint Joseph,449-1800 Felis. St.
198,Ergo Hestia,Dunkirk,P.O. Box 903, 808 Phasellus Ave
199,Ergo Hestia,Greenfield,P.O. Box 490, 5215 Eu Avenue
200,Generali,Clemson,465-668 Ultrices Rd.
201,Allianz,Dana Point,124-290 Ipsum. Ave
202,Generali,Cleveland,P.O. Box 351, 9626 In Street
203,Ergo Hestia,Eden Prairie,519-1134 Gravida Street
204,Ergo Hestia,Casper,3400 Ultricies Street
205,4Life,Eugene,Ap #441-4843 Cras Street
206,Aviva,Laguna Hills,P.O. Box 411, 6203 Neque. Rd.
207,Generali,Burbank,Ap #303-5560 Faucibus Road
208,Allianz,Birmingham,9268 Gravida. St.
209,AXA,Franklin,Ap #826-4604 Lobortis Ave
210,Ergo Hestia,Little Falls,P.O. Box 970, 1625 Lectus Rd.
211,4Life,Biloxi,591-4492 Sapien, St.
212,Ergo Hestia,Chester,Ap #748-4117 Sit Rd.
213,Aviva,North Little Rock,6302 Est, Ave
214,4Life,Vancouver,9062 Cras Street
215,Ergo Hestia,Shreveport,5720 Pellentesque Street
216,Link4,Goose Creek,P.O. Box 774, 5999 Mollis Av.
217,Link4,Cumberland,317-816 Erat Avenue
218,Link4,Wahoo,Ap #993-8548 Libero Avenue
219,Link4,Knoxville,473-2510 Nec, St.
220,Generali,Gettysburg,P.O. Box 462, 9834 Semper Rd.
221,4Life,Poughkeepsie,911-1289 Egestas Rd.
222,4Life,Brunswick,240-1683 Morbi St.
223,4Life,Madison,5197 Parturient Avenue
224,Ergo Hestia,Washington,125-2456 Dictum Road
225,AXA,West Springfield,139-2184 Senectus Ave
226,AXA,Glendora,Ap #656-5451 Rutrum Ave
227,Generali,Saipan,P.O. Box 612, 7321 Sed St.
228,AXA,Rutland,Ap #980-8455 Mauris Street
229,Link4,Greenfield,6104 Et Rd.
230,Generali,San Fernando,698-9653 Eget Road
231,Generali,Jersey City,Ap #835-1364 Nulla Street
232,Ergo Hestia,Frankfort,Ap #218-9765 Accumsan Rd.
233,Ergo Hestia,Moorhead,992-5701 Sed St.
234,Link4,Yukon,556-986 Erat Rd.
235,Aviva,Hattiesburg,407-3018 Donec St.
236,Aviva,Rhinelander,Ap #701-4214 Mi Street
237,Aviva,Cruz Bay,P.O. Box 389, 630 Ac Rd.
238,Link4,Pembroke Pines,Ap #533-2935 Morbi St.
239,4Life,Alhambra,P.O. Box 588, 5669 Sed, Road
240,AXA,Methuen,729-6394 Eros Rd.
241,Generali,Salinas,8639 Per Rd.
242,Allianz,Meriden,176-5768 Facilisis St.
243,Ergo Hestia,Elko,Ap #970-4155 Vehicula Avenue
244,Allianz,Placentia,Ap #665-7132 Urna Ave
245,Aviva,Gary,386-6873 Nunc Street
246,Aviva,Durango,697-1110 Eleifend St.
247,Allianz,Tacoma,P.O. Box 450, 246 Cras Rd.
248,Allianz,Mesa,943-9155 Egestas. Ave
249,Aviva,Caguas,2911 Magna. Ave
250,Ergo Hestia,Rawlins,554-8043 Suspendisse Avenue
251,Link4,Overland Park,9083 A, Rd.
252,Ergo Hestia,Monroe,492 Phasellus Av.
253,4Life,Gilbert,3395 Lacinia. St.
254,Generali,Pembroke Pines,730-9748 Fermentum Ave
255,Ergo Hestia,Hawaiian Gardens,6049 Elit. Avenue
256,Allianz,Chattanooga,7836 Ac Rd.
257,Generali,New London,Ap #497-2404 Ut St.
258,Generali,Lima,Ap #413-1035 Quis Avenue
259,4Life,Kemmerer,8727 Sed Street
260,4Life,Half Moon Bay,6868 Massa Road
261,Link4,Brownsville,Ap #973-9846 Rutrum Ave
262,Ergo Hestia,Paterson,7992 Pede, St.
263,Ergo Hestia,Kettering,360-8284 Nisi Street
264,Generali,Arvada,7402 Nascetur Av.
265,Link4,Bandera,453-9361 Accumsan Rd.
266,Ergo Hestia,Areceibo,8028 Neque St.
267,4Life,Cedarburg,Ap #248-7783 Et Rd.
268,Generali,Amesbury,Ap #365-812 Ipsum Street
269,Allianz,Irvine,Ap #534-9614 Luctus Ave
270,Link4,Durham,P.O. Box 931, 6242 Lectus Rd.
271,AXA,Newcastle,Ap #140-8290 Vestibulum, Ave
272,Generali,Kearney,597-3360 Tincidunt St.
273,Link4,Scranton,693-1730 Mollis Rd.
274,4Life,Rockford,2956 Elit St.
275,Link4,Waterloo,Ap #608-8951 Cras Ave
276,Generali,Hollister,Ap #431-1697 Etiam Street
277,Aviva,San Clemente,Ap #825-7857 Integer St.
278,Aviva,East Hartford,8540 Vitae Road
279,Aviva,Chelsea,P.O. Box 402, 1172 In Rd.
280,Generali,Lebanon,P.O. Box 801, 4354 Vitae, St.
281,Generali,Plymouth,2794 Aenean Ave
282,AXA,Palos Verdes Estates,4909 Etiam Av.
283,Aviva,Fairfield,P.O. Box 957, 903 Eget Road
284,Allianz,Marshfield,647-6645 Cursus. Street
285,Ergo Hestia,White Plains,6566 Non St.
286,Aviva,Brockton,Ap #140-4207 Adipiscing Av.
287,Allianz,Denver,783-7386 Pellentesque Street
288,Aviva,Rock Island,Ap #526-6513 Eget, Road
289,Link4,Titusville,1893 Et Rd.
290,AXA,Hollywood,910-4387 Sit Street
291,4Life,Boulder,Ap #546-195 Molestie Rd.
292,AXA,Meadville,8080 Eu, Avenue
293,Allianz,Los Angeles,7471 Eget Ave
294,Generali,Clovis,4048 Quisque St.
295,Generali,Saint Joseph,P.O. Box 671, 5434 Neque Road
296,Aviva,Fernley,P.O. Box 715, 6801 Facilisis St.
297,Aviva,Sister Bay,P.O. Box 909, 834 Tincidunt St.
298,Ergo Hestia,New Brunswick,Ap #980-6253 Placerat, Street
299,4Life,Eatontown,P.O. Box 480, 2194 Nec, St.
300,Aviva,Culver City,P.O. Box 345, 7327 Semper Av.
301,Aviva,New Bedford,535-864 In Rd.
302,Allianz,Beacon,947-2147 Erat Ave
303,4Life,Catskill,Ap #956-799 Ut, Rd.
304,Allianz,Norman,Ap #423-619 Rutrum St.
305,AXA,Calumet City,Ap #768-2385 Ridiculus Avenue
306,Aviva,South Bend,8963 Pharetra. Ave
307,4Life,Janesville,3963 Mauris Road
308,Link4,Worcester,P.O. Box 633, 5662 Ut Road
309,Aviva,North Adams,7812 Cras Avenue
310,Ergo Hestia,Fredericksburg,5164 Sed Ave
311,Aviva,Hayward,304-2947 Mauris Rd.
312,AXA,Powell,P.O. Box 650, 1765 Justo Ave
313,Ergo Hestia,The Dalles,Ap #219-9556 Diam Road
314,Allianz,Jersey City,P.O. Box 846, 7998 Convallis Avenue
315,Allianz,Palmdale,P.O. Box 195, 7991 Orci St.
316,AXA,Superior,P.O. Box 313, 2595 Arcu. Road
317,Generali,Corvallis,Ap #195-3400 Est Rd.
318,Allianz,Kingston,P.O. Box 494, 6994 Dis St.
319,Aviva,Racine,P.O. Box 271, 5001 Etiam Ave
320,Allianz,Brigham City,P.O. Box 348, 9188 Urna Avenue
321,AXA,Coral Springs,5028 Malesuada St.
322,Generali,Lynn,3094 Ligula. Road
323,4Life,Idabel,Ap #582-8392 Ornare, Road
324,AXA,Jersey City,294-7745 Sit Road
325,Ergo Hestia,Oxnard,P.O. Box 253, 6489 Felis, St.
326,Generali,Titusville,Ap #111-9481 Commodo Rd.
327,Allianz,Pueblo,P.O. Box 478, 4137 Scelerisque Rd.
328,Aviva,Wisconsin Dells,981-4214 Nunc St.
329,AXA,Sharon,9451 Aliquam Road
330,AXA,Santa Barbara,2723 Ac Avenue
331,Aviva,Ontario,P.O. Box 944, 2768 Netus Street
332,AXA,Merced,122-4328 Morbi St.
333,Aviva,Cincinnati,1068 Sit Street
334,Generali,Helena,6395 Tristique Av.
335,Aviva,Nevada City,Ap #368-589 Consectetuer, Av.
336,Allianz,New Bedford,684-2927 Libero Av.
337,Allianz,Manassas Park,446 Quisque Ave
338,Link4,Brown Deer,P.O. Box 379, 4047 Dictum Ave
339,Ergo Hestia,Harrisburg,5763 Ipsum Avenue
340,Aviva,East Hartford,Ap #753-7576 Aliquam Avenue
341,AXA,Auburn,1141 Non Ave
342,AXA,Pawtucket,9574 Gravida. Road
343,AXA,Lima,P.O. Box 691, 2357 Vivamus Road
344,4Life,Phoenix,P.O. Box 185, 1702 Mauris Road
345,AXA,Hannibal,P.O. Box 695, 5564 Montes, Rd.
346,Aviva,Danville,968-7070 Metus. Street
347,4Life,Pueblo,Ap #731-9000 Auctor Avenue
348,Generali,Huntsville,Ap #752-6615 Donec Road
349,Aviva,Lufkin,1027 Molestie Road
350,Ergo Hestia,Cicero,P.O. Box 596, 5260 Risus Ave
351,Generali,San Rafael,Ap #640-9489 Aliquam St.
352,Link4,Ontario,395-4424 Nam Road
353,AXA,Beaumont,1555 Nisi Ave
354,AXA,Huntington,Ap #211-2991 Aenean Ave
355,Ergo Hestia,Morrison,P.O. Box 614, 8625 At Street
356,Aviva,Attleboro,501 Diam Rd.
357,Link4,Worland,677-8202 Commodo Rd.
358,4Life,Saratoga Springs,263-2159 Sed Street
359,Aviva,Two Rivers,706-3101 At Avenue
360,Aviva,Texas City,395-1104 Metus. Ave
361,Ergo Hestia,Fountain Valley,Ap #984-2530 Aliquam Rd.
362,Ergo Hestia,Agoura Hills,8272 Suspendisse Road
363,Generali,Seal Beach,7956 Curabitur Av.
364,Ergo Hestia,Rockville,Ap #490-2811 Nec, St.
365,Aviva,Eau Claire,9742 Sociosqu Av.
366,Ergo Hestia,Bellflower,Ap #806-8720 Sed Ave
367,Allianz,Azusa,Ap #328-7039 Eget, Road
368,AXA,Houma,866-7292 In St.
369,4Life,Philadelphia,219-7044 Cum Ave
370,Link4,Odessa,Ap #551-3092 Semper Av.
371,Generali,Duncan,339-2652 Odio Av.
372,Generali,Scottsbluff,7531 Lacinia St.
373,Allianz,Monterey,257-9831 Dictum Rd.
374,Ergo Hestia,LaGrange,923-1705 Mollis St.
375,AXA,Enid,Ap #988-5629 Vestibulum Ave
376,Aviva,Cape Girardeau,113-8197 Purus Avenue
377,Ergo Hestia,Deadwood,P.O. Box 242, 6109 Lacinia Ave
378,Ergo Hestia,Dover,9424 Sem St.
379,Allianz,Waterloo,558-5179 Proin Rd.
380,Link4,Carson City,Ap #285-5772 Velit. Avenue
381,AXA,Idaho Falls,844-2809 Consequat, Rd.
382,Ergo Hestia,Texarkana,Ap #569-8019 Iaculis Ave
383,4Life,Appleton,3816 Id Road
384,Generali,Urbana,Ap #299-5690 Malesuada St.
385,Link4,Watertown,Ap #606-1015 Nisi Rd.
386,4Life,Burlington,9349 Netus Rd.
387,Ergo Hestia,Fallon,3885 Nec Road
388,Allianz,Hermosa Beach,P.O. Box 109, 3149 Erat St.
389,Ergo Hestia,Ypsilanti,P.O. Box 372, 5487 Odio Rd.
390,Aviva,Spartanburg,870-9840 Integer Av.
391,AXA,Torrington,P.O. Box 566, 9435 Mauris Road
392,AXA,Abilene,6970 Ipsum Rd.
393,4Life,Port Orford,318 Orci Street
394,Allianz,Utica,8782 Iaculis St.
395,Generali,Saginaw,Ap #723-388 Ut, Rd.
396,Allianz,Bethlehem,162-7365 Arcu. Avenue
397,AXA,Monterey Park,P.O. Box 251, 2502 Maecenas Avenue
398,4Life,Kennewick,131-3956 Consectetuer St.
399,Link4,Commerce,6643 Integer St.
400,Ergo Hestia,Lynn,946-7419 Blandit Street
401,Aviva,Thousand Oaks,P.O. Box 326, 4502 Vestibulum. Avenue
402,Allianz,Durango,819-1334 Nulla. Av.
403,4Life,Waco,P.O. Box 628, 8146 Luctus Rd.
404,AXA,Bell Gardens,Ap #735-6708 Consequat Rd.
405,Ergo Hestia,Cheyenne,5141 Volutpat Street
406,Ergo Hestia,Gastonia,2125 Elit, St.
407,Aviva,Natchitoches,891 Amet St.
408,Ergo Hestia,Huntington Park,241-7909 A, Road
409,Aviva,Florence,Ap #134-2905 In, Road
410,Link4,Deadwood,Ap #158-4903 Morbi Rd.
411,Generali,Portland,P.O. Box 583, 6021 Orci Rd.
412,Ergo Hestia,Farmer City,P.O. Box 633, 9935 Nulla. Road
413,AXA,South Gate,P.O. Box 166, 3212 Suspendisse Road
414,Generali,Quincy,Ap #543-1759 Neque. Ave
415,Allianz,Prescott,Ap #268-5932 Pharetra, St.
416,Aviva,Fort Worth,Ap #834-4685 Magna Rd.
417,Link4,Lahaina,P.O. Box 270, 1973 Quis Street
418,Generali,Valdez,Ap #175-3894 Donec Street
419,Link4,Malden,943-5158 Donec Road
420,Link4,Geneva,218-6003 Lacus. St.
421,Link4,Chickasha,P.O. Box 297, 2306 Duis St.
422,Ergo Hestia,Bandon,P.O. Box 345, 7065 Nam St.
423,AXA,Springdale,Ap #342-3921 Ac Ave
424,AXA,Phoenix,Ap #386-7265 Etiam Rd.
425,Ergo Hestia,Durant,8415 Sapien, Ave
426,Allianz,Kalispell,198 Vitae Rd.
427,Allianz,Elsmere,Ap #998-8631 Pede, St.
428,AXA,Chicago Heights,Ap #561-5743 Ut Road
429,Aviva,Brea,430 Eget, Road
430,Aviva,Grand Forks,Ap #119-4860 Vehicula St.
431,Allianz,Baldwin Park,7263 Vel Av.
432,Aviva,Union City,P.O. Box 769, 945 Odio Ave
433,Link4,Forest Lake,P.O. Box 871, 4371 Sed Avenue
434,Generali,Newburyport,P.O. Box 851, 7814 Erat Road
435,AXA,Bell Gardens,Ap #411-3635 Turpis Rd.
436,Allianz,Yukon,802-3698 Nulla. Rd.
437,Generali,Utica,P.O. Box 882, 5763 Mi Ave
438,Generali,Beloit,Ap #715-3310 Eros. Rd.
439,Ergo Hestia,Vergennes,P.O. Box 153, 344 Mattis Road
440,Aviva,Irving,P.O. Box 927, 1719 Adipiscing Ave
441,Generali,Abilene,P.O. Box 351, 8119 Tincidunt Rd.
442,4Life,Nanticoke,Ap #311-8741 Malesuada Ave
443,Link4,Citrus Heights,487-6334 Tempus Avenue
444,Ergo Hestia,Sutter Creek,Ap #461-1368 Eget Av.
445,Ergo Hestia,Atwater,P.O. Box 826, 1240 Lacinia Road
446,Aviva,Pullman,P.O. Box 923, 3745 Netus Ave
447,Link4,Oro Valley,P.O. Box 977, 1185 Erat Rd.
448,Aviva,La Habra Heights,412-1345 Lorem Ave
449,Aviva,Pulaski,4060 Nulla Ave
450,Allianz,Stamford,1402 Fusce St.
451,Aviva,Gatlinburg,6898 Non Ave
452,Ergo Hestia,Cypress,533-1775 Libero. St.
453,Link4,Valdosta,7974 Ac, St.
454,Ergo Hestia,Keene,3418 Rutrum Rd.
455,Ergo Hestia,Peoria,8505 Id Street
456,AXA,Littleton,Ap #962-7484 Tellus Road
457,Generali,Green Bay,P.O. Box 669, 9913 Quis Rd.
458,Aviva,Aspen,Ap #241-3000 Purus Rd.
459,Allianz,La Verne,P.O. Box 144, 498 Convallis, Av.
460,Link4,Cumberland,6843 Semper, St.
461,Allianz,Binghamton,Ap #335-4606 In, Ave
462,Link4,Monroe,7343 Vivamus Ave
463,Allianz,Bossier City,Ap #485-1035 Neque. St.
464,4Life,Vincennes,P.O. Box 964, 5315 Elementum Avenue
465,Ergo Hestia,Billings,P.O. Box 157, 6478 Malesuada Rd.
466,Link4,Hidden Hills,Ap #849-2237 Mauris Rd.
467,Link4,Ardmore,P.O. Box 624, 2002 In Street
468,Generali,Lahaina,1878 Pede Street
469,Allianz,Winston-Salem,Ap #741-1522 Duis Rd.
470,Allianz,Lynn,P.O. Box 546, 3575 Est Rd.
471,AXA,Aliso Viejo,Ap #120-5098 Suspendisse Street
472,Generali,Littleton,Ap #451-8552 Auctor Rd.
473,Ergo Hestia,Springfield,Ap #892-3031 Arcu Road
474,Ergo Hestia,Bowie,P.O. Box 595, 9447 Ipsum. St.
475,Generali,Corona,292-7990 Neque. Ave
476,Link4,Woburn,P.O. Box 709, 1028 Aliquam Rd.
477,AXA,Lawton,9268 Nunc Avenue
478,Link4,Mayagüez,Ap #116-5920 Augue Avenue
479,AXA,Brooklyn Park,7424 Augue St.
480,Allianz,Agat,Ap #431-4142 Nec, St.
481,Ergo Hestia,Eden Prairie,546 Purus, Avenue
482,AXA,Guayama,P.O. Box 215, 5842 Turpis Rd.
483,Allianz,Anaheim,P.O. Box 130, 5734 Nisi. Street
484,AXA,Indianapolis,P.O. Box 381, 9962 Et St.
485,Generali,Beloit,Ap #844-9498 Vulputate Street
486,Ergo Hestia,Selma,Ap #202-1665 Sed Rd.
487,Allianz,Oneida,P.O. Box 308, 7544 Pede Avenue
488,Ergo Hestia,Bozeman,P.O. Box 233, 4611 Et, Rd.
489,Aviva,Annapolis,P.O. Box 788, 5566 Ut Av.
490,AXA,Bismarck,P.O. Box 700, 7971 Id, Av.
491,AXA,Seward,P.O. Box 985, 4373 Eu Av.
492,Allianz,Reedsport,P.O. Box 757, 3607 Malesuada Ave
493,AXA,Clarksburg,9779 Donec Street
494,AXA,Frisco,524-3754 Lacus. St.
495,Generali,Laurel,744-859 Et Ave
496,Aviva,Rancho Cucamonga,Ap #192-3275 Convallis Av.
497,AXA,Valdez,P.O. Box 879, 9952 Dui. Rd.
498,AXA,Watervliet,P.O. Box 611, 3733 A Av.
499,Link4,Kenosha,Ap #783-4092 Mauris Rd.
500,Allianz,Wahoo,7488 Nulla. Ave
501,Link4,Saint Louis,P.O. Box 687, 3375 Nisi. St.
502,Aviva,Thiensville,Ap #522-8663 Ac, Avenue
503,4Life,Torrance,Ap #264-720 Imperdiet Avenue
504,Allianz,Albuquerque,1009 Pharetra St.
505,Ergo Hestia,Bozeman,8703 Fusce Av.
506,4Life,La Habra,6527 Nisl. Road
507,4Life,Guánica,P.O. Box 729, 7262 Pellentesque Ave
508,Generali,Portsmouth,360-9441 Non St.
509,Generali,Boise,3129 Ut Avenue
510,Link4,Port Arthur,Ap #253-1407 Laoreet Road
511,Aviva,Princeton,718-3112 Morbi Av.
512,4Life,Sharon,637-7924 Hendrerit Rd.
513,AXA,Parkersburg,Ap #957-4694 Penatibus St.
514,Link4,San Marino,P.O. Box 117, 4616 Ac Rd.
515,4Life,San Clemente,163-8755 Ridiculus Avenue
516,Ergo Hestia,Vancouver,Ap #467-821 Risus. St.
517,Generali,Anaheim,P.O. Box 799, 7779 Magna. Road
518,Generali,Madison,8305 Nisi. St.
519,4Life,Pullman,9258 Morbi Rd.
520,4Life,Chula Vista,4619 Euismod Ave
521,4Life,Lynchburg,2189 Fusce Ave
522,AXA,Hickory,313-2941 Vulputate, Ave
523,Ergo Hestia,New Albany,P.O. Box 276, 4058 Lobortis, St.
524,Ergo Hestia,Gary,761 Lobortis St.
525,Generali,Colorado Springs,Ap #968-2489 Donec Rd.
526,AXA,Parker,Ap #331-2691 Consectetuer St.
527,Allianz,Roseville,P.O. Box 254, 5150 Fusce St.
528,4Life,Tallahassee,Ap #246-856 Dis St.
529,AXA,Buena Park,Ap #801-9454 Aliquam Ave
530,Allianz,Pittsfield,5458 Sem Ave
531,Ergo Hestia,Jordan Valley,786-7228 Sodales Av.
532,Link4,Pottsville,387-8580 Aliquam Rd.
533,4Life,Lake Forest,2311 Pede. Rd.
534,4Life,Agoura Hills,522-7406 Libero. Av.
535,Link4,Buffalo,1049 Ligula. Ave
536,Allianz,Basin,P.O. Box 969, 3633 Lectus St.
537,Generali,Brown Deer,P.O. Box 907, 2609 Odio Rd.
538,Aviva,Kemmerer,P.O. Box 304, 3743 Senectus Street
539,AXA,Providence,P.O. Box 151, 2534 Eget Rd.
540,Aviva,Murrieta,4733 Eros. St.
541,Link4,Sugar Land,P.O. Box 503, 5751 Odio. St.
542,Aviva,Alpharetta,P.O. Box 608, 6190 Vulputate, Street
543,Generali,Berlin,5797 Maecenas Street
544,Generali,Virginia Beach,P.O. Box 112, 1236 In St.
545,Allianz,Bowie,P.O. Box 545, 4358 Molestie Av.
546,AXA,Brigham City,Ap #254-6036 Velit. Rd.
547,Ergo Hestia,Jenks,Ap #384-4034 A, Ave
548,4Life,Cambridge,Ap #821-8345 Mauris Av.
549,AXA,Corona,Ap #946-9206 Pede, Av.
550,Allianz,Williston,Ap #559-1072 A Road
551,4Life,Lynwood,P.O. Box 124, 5486 Mauris St.
552,Generali,Kennewick,P.O. Box 254, 4147 Dictum Rd.
553,Link4,Peru,P.O. Box 393, 6552 Iaculis Road
554,Ergo Hestia,South Portland,P.O. Box 234, 844 Erat, Street
555,Generali,Altoona,P.O. Box 555, 7937 Massa. Avenue
556,4Life,Yonkers,P.O. Box 815, 4930 Felis. Rd.
557,Link4,Morgan City,462-6050 Elit Av.
558,4Life,Sunbury,973-4847 Id, St.
559,Ergo Hestia,Centennial,754-821 Eget Road
560,Aviva,Wheeling,769-3576 Donec Ave
561,AXA,Coos Bay,P.O. Box 673, 9527 Leo. Avenue
562,Aviva,Idaho Falls,927-7817 Mauris St.
563,4Life,Moscow,Ap #622-7236 Cursus Av.
564,Link4,Hoboken,Ap #282-1671 Proin St.
565,AXA,Kearns,6741 Risus Rd.
566,Link4,Gettysburg,P.O. Box 364, 7906 Quis Road
567,4Life,Brunswick,Ap #654-8547 Erat, St.
568,Generali,Portsmouth,4120 Neque Street
569,Link4,Amesbury,Ap #214-8135 Quis, Avenue
570,Generali,Vacaville,P.O. Box 281, 3296 Erat, Street
571,Ergo Hestia,Yakima,Ap #547-9916 Ligula. Av.
572,Link4,Fairmont,P.O. Box 871, 9825 Malesuada. Avenue
573,Allianz,Laguna Beach,Ap #505-1245 Eros. Rd.
574,Generali,Guánica,297-755 Congue, Avenue
575,4Life,Evanston,P.O. Box 764, 1997 Etiam Street
576,4Life,South Burlington,Ap #658-1273 Id Avenue
577,Allianz,Beverly Hills,Ap #942-3129 Pede. Rd.
578,AXA,North Chicago,Ap #429-5690 Tempus Av.
579,Link4,Ephraim,P.O. Box 174, 6955 Morbi Road
580,4Life,Brown Deer,P.O. Box 566, 8655 Aliquet Rd.
581,Link4,Barrow,2230 Quis St.
582,Ergo Hestia,Cincinnati,784-6627 Massa. Av.
583,Link4,Santa Clarita,8783 Aliquam Road
584,AXA,Statesboro,P.O. Box 623, 9356 Nonummy Av.
585,Ergo Hestia,Bozeman,P.O. Box 543, 9472 Nam Rd.
586,Generali,Torrance,Ap #670-4164 Montes, Rd.
587,Generali,Durango,941-3584 Dictum Street
588,Aviva,Hudson,P.O. Box 851, 5655 At Av.
589,AXA,Saukville,237-268 Augue, Road
590,AXA,Austin,P.O. Box 103, 7549 Sed Rd.
591,Ergo Hestia,Bethany,848-5157 Sed St.
592,Generali,Lawton,P.O. Box 152, 6615 Iaculis Avenue
593,Generali,Winston-Salem,Ap #481-1867 Vulputate, Rd.
594,Allianz,Murray,4114 Ante. St.
595,Generali,La Palma,Ap #299-8714 At Rd.
596,Allianz,Buffalo,Ap #853-4366 Luctus Road
597,4Life,Rohnert Park,Ap #830-7816 Faucibus Road
598,Generali,Chino Hills,P.O. Box 404, 5025 Eu Rd.
599,Link4,Concord,P.O. Box 876, 2107 Amet, Av.
600,Generali,Honolulu,P.O. Box 307, 5474 Adipiscing Ave
601,4Life,Centennial,5942 Elit, Avenue
602,Allianz,Jonesboro,P.O. Box 180, 8093 Suspendisse St.
603,Link4,Littleton,9334 Auctor, Rd.
604,Ergo Hestia,El Cerrito,Ap #562-788 Posuere Rd.
605,AXA,Mentor,P.O. Box 744, 1766 Nisi. Avenue
606,4Life,Waycross,396-305 Nunc Av.
607,4Life,Huntington Beach,7338 Imperdiet Av.
608,Link4,Portsmouth,2112 Mauris Rd.
609,AXA,Whittier,3908 In Ave
610,Link4,LaGrange,9216 Porttitor Ave
611,AXA,Tustin,Ap #126-7961 Eu, St.
612,Allianz,Sutter Creek,P.O. Box 412, 2387 Amet Rd.
613,4Life,Walnut,P.O. Box 311, 3051 Adipiscing Rd.
614,Ergo Hestia,St. Marys,854-6143 Fermentum Street
615,AXA,Concord,3135 Auctor Avenue
616,4Life,Bayamon,P.O. Box 345, 5725 Enim Rd.
617,Link4,Lawrence,P.O. Box 388, 1215 At, St.
618,4Life,Mankato,6000 Metus Ave
619,AXA,Orlando,7385 Feugiat Ave
620,4Life,Bismarck,P.O. Box 560, 435 Vestibulum. Ave
621,Link4,Meridian,4106 Velit Avenue
622,4Life,Rehoboth Beach,534 Non, Road
623,4Life,Jefferson City,Ap #678-6580 Sociosqu Road
624,Link4,Sandy Springs,291-8370 Nunc Av.
625,AXA,Sandy Springs,431-4673 Proin Ave
626,Aviva,Valencia,Ap #941-6946 Lectus St.
627,Aviva,Schaumburg,103-7379 Cras St.
628,Allianz,Blythe,3782 Non, Av.
629,AXA,Coos Bay,6663 Vehicula Avenue
630,4Life,Chicopee,P.O. Box 150, 326 Placerat, Street
631,4Life,Newport News,982 Mi Street
632,Aviva,Pasadena,Ap #418-6390 Senectus Av.
633,Aviva,DuBois,Ap #439-4183 Molestie Rd.
634,4Life,Sunnyvale,9345 Malesuada St.
635,Aviva,Holyoke,129-4242 Phasellus Street
636,Aviva,East St. Louis,Ap #974-9913 Justo St.
637,AXA,Glen Cove,701 Vestibulum Road
638,Ergo Hestia,Erie,P.O. Box 607, 2629 Sem Road
639,Allianz,Nevada City,862-7219 Euismod Street
640,Link4,Great Falls,1988 Lobortis Street
641,AXA,Cumberland,7350 Fermentum Road
642,Allianz,Avalon,409-9230 Vulputate Av.
643,Link4,Rockford,899-5864 Bibendum Avenue
644,AXA,Elsmere,P.O. Box 573, 7481 Et Ave
645,Link4,Aspen,4559 Nec St.
646,Generali,Raleigh,520-4129 Quam. Av.
647,Aviva,Newburyport,P.O. Box 406, 1508 Venenatis St.
648,Ergo Hestia,Astoria,P.O. Box 729, 4011 Nullam Street
649,4Life,Benton Harbor,9942 Libero. Av.
650,AXA,Wausau,P.O. Box 893, 5052 Nibh Avenue
651,Link4,Cohoes,Ap #817-2645 Luctus Rd.
652,4Life,Dalton,5617 Dui. Rd.
653,AXA,Roseville,6100 Fames Street
654,Generali,Needham,9879 Etiam Street
655,Generali,Fairbanks,871-1343 Lobortis Rd.
656,Link4,Tyler,P.O. Box 540, 9495 Donec Avenue
657,Allianz,McAlester,Ap #936-223 Sapien Rd.
658,Ergo Hestia,La Puente,225-9886 Cras Rd.
659,Aviva,Gold Beach,5468 Consectetuer St.
660,Generali,Watervliet,P.O. Box 335, 7976 Pede. Rd.
661,AXA,Yukon,P.O. Box 914, 3832 Sem. Avenue
662,4Life,Oswego,2901 Ut St.
663,4Life,Grass Valley,Ap #102-826 Ac St.
664,Aviva,Dodge City,Ap #668-3891 Nunc. Street
665,Ergo Hestia,San Jose,P.O. Box 446, 2494 Lectus Street
666,AXA,Peoria,2658 Ac Rd.
667,Allianz,New Orleans,5768 Parturient Rd.
668,Link4,Rye,P.O. Box 588, 8996 Risus, Avenue
669,Ergo Hestia,Durango,P.O. Box 675, 4938 Sem Rd.
670,Aviva,Guthrie,Ap #110-5344 Aptent St.
671,AXA,Deadwood,P.O. Box 310, 7303 Auctor, Av.
672,Generali,Madison,Ap #698-6662 Phasellus Road
673,Link4,Duquesne,Ap #547-6770 Vel, Ave
674,AXA,Asbury Park,4024 Diam. St.
675,AXA,Fayetteville,432-8802 Luctus St.
676,Aviva,Richmond,206-4908 Rhoncus. St.
677,Allianz,Basin,2986 Tempus, Av.
678,Link4,Kenosha,6983 Non Avenue
679,AXA,La Cañada Flintridge,3716 Eu St.
680,Ergo Hestia,Sugar Land,Ap #988-8207 Elementum, Street
681,Aviva,San Dimas,Ap #413-9313 Suspendisse Avenue
682,4Life,Yazoo City,655-591 Lectus. Rd.
683,Ergo Hestia,El Segundo,6143 Elit, St.
684,AXA,Pomona,Ap #960-6272 Vestibulum Avenue
685,Generali,Statesboro,307-5487 Donec St.
686,AXA,Manitowoc,6845 Sollicitudin Rd.
687,4Life,Odessa,1358 Dapibus Ave
688,Allianz,Cerritos,198-4686 Feugiat Rd.
689,Generali,Sun Valley,4084 Et Av.
690,Allianz,Woodward,372-8578 Auctor St.
691,Allianz,Basin,P.O. Box 810, 8523 Gravida Avenue
692,Generali,Saratoga Springs,306-3088 Dolor St.
693,AXA,Farrell,230-3806 Sit Street
694,Ergo Hestia,Meriden,171-6622 Magna Street
695,Aviva,Corpus Christi,9538 Natoque St.
696,AXA,Bell Gardens,348-478 Urna. Road
697,4Life,Forrest City,P.O. Box 570, 5289 Convallis Rd.
698,AXA,Santa Barbara,P.O. Box 253, 2144 Vitae, St.
699,AXA,Wheaton,Ap #362-406 Fusce Av.
700,Allianz,Moline,972-3479 Consequat Av.
701,Ergo Hestia,Derby,3521 Integer Avenue
702,AXA,Taylorsville,476-3525 Proin Street
703,Aviva,Green River,P.O. Box 631, 675 Sed St.
704,Link4,Pomona,P.O. Box 510, 2637 Proin Ave
705,Allianz,Marshfield,511-6992 Odio St.
706,Allianz,Rutland,P.O. Box 323, 9860 Enim Rd.
707,Generali,Claremore,777 Phasellus Rd.
708,Allianz,Yorba Linda,5865 A Ave
709,Generali,Eureka,845-3574 Nunc Rd.
710,Allianz,Laramie,Ap #426-3105 Nullam Ave
711,4Life,Fairfax,P.O. Box 851, 4652 Duis Av.
712,Aviva,Lynn,P.O. Box 481, 6608 Laoreet Avenue
713,AXA,Mesa,669 Lobortis St.
714,4Life,Savannah,5856 Placerat, St.
715,AXA,Appleton,Ap #728-7820 In Road
716,AXA,City of Industry,P.O. Box 992, 1121 Eget St.
717,Ergo Hestia,Richmond,851-6881 Feugiat. Street
718,Ergo Hestia,Grafton,4636 Mauris, Road
719,Generali,Norwich,P.O. Box 822, 8455 Eget Ave
720,Allianz,Needham,213-8507 Montes, Street
721,Generali,Keene,P.O. Box 438, 5398 Tincidunt Ave
722,Allianz,Grand Rapids,7259 Quis, Av.
723,Aviva,Natchitoches,3647 Mauris Rd.
724,Generali,Chattanooga,7457 Nulla. Ave
725,AXA,Eatontown,P.O. Box 831, 9097 Ipsum Rd.
726,Allianz,Biddeford,Ap #193-898 Suspendisse Avenue
727,4Life,Los Angeles,633-5550 Eu, Ave
728,4Life,Rochester,718-5713 Nibh Street
729,Aviva,Tyler,P.O. Box 370, 6820 Vulputate Rd.
730,Allianz,Nogales,3498 Luctus Street
731,4Life,La Mirada,P.O. Box 252, 2340 Pede. Road
732,Ergo Hestia,Meridian,720-7382 Lacus. Rd.
733,Aviva,Johnstown,Ap #587-8281 Sed Road
734,Aviva,Pottsville,2243 A, Road
735,4Life,Bandera,P.O. Box 908, 8174 Molestie Ave
736,AXA,Appleton,P.O. Box 349, 3761 Dolor. Av.
737,Ergo Hestia,Kokomo,P.O. Box 628, 8826 Fermentum St.
738,Allianz,Tulsa,P.O. Box 165, 2228 Cursus Rd.
739,Aviva,Clarksville,686-8797 Suspendisse St.
740,4Life,Cody,Ap #807-2031 Nunc Street
741,AXA,Olympia,620-963 Ligula. Avenue
742,Allianz,La Mirada,Ap #581-5992 Ornare. Street
743,Link4,Salem,Ap #689-6131 Nulla Ave
744,AXA,Kingston,6417 Aliquam Ave
745,4Life,Livonia,P.O. Box 324, 5094 Fermentum Avenue
746,Generali,Hornell,Ap #177-6288 Est Street
747,Ergo Hestia,Billings,P.O. Box 513, 5007 Mattis St.
748,4Life,Evansville,Ap #508-1349 Quis St.
749,AXA,Farmington,467-7242 Integer Avenue
750,AXA,Artesia,383-8174 Ante, Rd.
751,4Life,Grafton,P.O. Box 309, 4007 Arcu. Av.
752,Link4,Saint Paul,8364 Justo Street
753,Link4,San Rafael,676-7585 Odio. Rd.
754,Aviva,Green River,2095 Et Road
755,Allianz,Commerce,7738 Semper St.
756,Aviva,Signal Hill,574-5231 Consectetuer Road
757,Allianz,Raleigh,Ap #994-7850 Tincidunt Rd.
758,AXA,Durham,516-2544 Id, Avenue
759,4Life,Williamsburg,571 Tempor Rd.
760,4Life,Lubbock,Ap #338-3427 At Av.
761,4Life,Morrison,4799 Gravida Avenue
762,4Life,Commerce,P.O. Box 632, 8311 Mauris Street
763,Generali,Clovis,690-3117 Aliquet St.
764,AXA,Cedar Falls,537-1262 Pellentesque Road
765,Generali,East Rutherford,Ap #399-1404 In Road
766,AXA,Chelsea,P.O. Box 823, 945 Sapien. Rd.
767,Aviva,Forrest City,P.O. Box 809, 1118 Diam Street
768,Ergo Hestia,Everett,246-1596 Nec, Road
769,Generali,Troy,P.O. Box 445, 2946 Turpis. St.
770,Allianz,Boise,Ap #834-1281 Vestibulum Rd.
771,Link4,Woburn,763-2890 Gravida. Avenue
772,AXA,Passaic,424-4730 Vitae, Rd.
773,Generali,Hazleton,3767 Enim. St.
774,Ergo Hestia,Fairmont,870 Quis Avenue
775,Allianz,Huntington Park,P.O. Box 816, 1073 Consectetuer Avenue
776,Aviva,Newport,P.O. Box 216, 2803 Etiam Ave
777,Allianz,Alpharetta,1896 Vulputate St.
778,Generali,Covington,P.O. Box 610, 388 Penatibus St.
779,AXA,Henderson,P.O. Box 299, 9686 Tempus, St.
780,AXA,Chico,Ap #347-8233 In, Road
781,AXA,Rock Springs,352-9620 Ac Rd.
782,4Life,Boston,P.O. Box 678, 3497 Blandit Rd.
783,Aviva,East Rutherford,Ap #820-5201 Neque. Avenue
784,Link4,Areceibo,Ap #278-2888 Fusce Rd.
785,Generali,Honolulu,Ap #852-9468 Faucibus Road
786,Ergo Hestia,Middlebury,P.O. Box 321, 3538 Id Road
787,AXA,Pittsburgh,Ap #537-2953 In Avenue
788,AXA,Minneapolis,Ap #651-3039 Tempor Rd.
789,4Life,Camden,Ap #671-9305 Sed Avenue
790,Ergo Hestia,Hagerstown,P.O. Box 848, 2203 Mauris Ave
791,Allianz,Little Rock,1825 Est. Rd.
792,Ergo Hestia,Pittsburgh,P.O. Box 987, 976 Eget St.
793,Ergo Hestia,Battle Creek,602-3034 Venenatis St.
794,AXA,Aliquippa,490-1649 Eleifend Rd.
795,Aviva,Enid,Ap #480-1745 Ac Rd.
796,AXA,New London,309-9710 Turpis. Rd.
797,AXA,Santa Monica,Ap #925-902 Tincidunt. Avenue
798,AXA,Brooklyn Park,P.O. Box 517, 1360 Mollis St.
799,Generali,Worland,404-5694 Nunc St.
800,4Life,Biloxi,129-3222 Nam Road
801,4Life,Hanahan,7922 Luctus St.
802,Aviva,Manhattan,Ap #555-2206 Eu, St.
803,Generali,Manchester,Ap #907-9619 Est Ave
804,Link4,Kenner,P.O. Box 564, 5064 Natoque Av.
805,Allianz,Rialto,P.O. Box 662, 729 Semper. Avenue
806,Ergo Hestia,Hopkinsville,Ap #430-532 Morbi St.
807,Aviva,Forrest City,P.O. Box 913, 6532 Eleifend Avenue
808,Generali,Denver,Ap #865-3911 Vehicula Rd.
809,Ergo Hestia,Houma,7166 Quisque Street
810,Link4,Moraga,P.O. Box 113, 4244 Fusce Street
811,4Life,Corvallis,513-8749 Sed Rd.
812,Ergo Hestia,Azusa,P.O. Box 272, 2913 Enim, Ave
813,Link4,Rolling Hills,372-9334 Pede. Avenue
814,AXA,Cody,742-8746 Erat Ave
815,Generali,Las Vegas,P.O. Box 337, 3697 Dolor Road
816,Link4,Jacksonville,Ap #585-859 Ultrices St.
817,Allianz,Annapolis,890-7626 Magnis Avenue
818,AXA,Phoenix,P.O. Box 453, 4162 Luctus Avenue
819,Link4,Seward,245-878 Urna Avenue
820,AXA,Carson,9123 Et, Avenue
821,AXA,Olympia,808-9958 Ut Street
822,Allianz,Clovis,732-9280 Dolor, Rd.
823,4Life,Kent,P.O. Box 969, 3919 Lobortis, Rd.
824,Allianz,Valparaiso,Ap #212-1609 Cursus Street
825,4Life,Gainesville,253-4813 Mauris St.
826,Generali,Fort Worth,2912 A Ave
827,Link4,Boston,725-1924 Nullam Av.
828,Generali,Syracuse,358-919 Sed St.
829,4Life,Seaford,P.O. Box 132, 8341 Senectus Road
830,4Life,West Allis,382-2616 Donec Rd.
831,AXA,Morgantown,4080 Et, St.
832,Aviva,Hermitage,Ap #871-9884 Mauris Street
833,Ergo Hestia,Wichita,P.O. Box 297, 2492 Cursus Ave
834,AXA,Brownsville,626-6146 Dolor St.
835,Generali,Sandpoint,Ap #269-4830 Sed Av.
836,Aviva,Bridgeport,8858 Est, Road
837,Allianz,Covina,P.O. Box 469, 7425 Mauris Avenue
838,Link4,Hartland,Ap #994-2797 Blandit Road
839,4Life,Tupelo,9739 Morbi St.
840,Generali,Nashville,4621 Ac St.
841,Generali,Biloxi,3050 Dui, Road
842,Ergo Hestia,Claremont,310 Luctus Rd.
843,Generali,Cambridge,826-3136 Urna. Rd.
844,4Life,Tucson,8852 Duis Rd.
845,Generali,Vincennes,P.O. Box 749, 152 Mus. Av.
846,Ergo Hestia,Kansas City,P.O. Box 249, 2940 Turpis. Street
847,Allianz,Seal Beach,424-2907 Vestibulum, Av.
848,AXA,Fulton,974-7840 Quisque Road
849,Ergo Hestia,Louisville,Ap #712-3671 Vitae Ave
850,Allianz,Seal Beach,Ap #619-8555 Conubia Road
851,Ergo Hestia,Fort Wayne,4804 Luctus Rd.
852,Ergo Hestia,Ithaca,3235 Enim. Rd.
853,Link4,Johnstown,Ap #541-9522 Quis Ave
854,Aviva,Del Rio,Ap #595-4288 Vestibulum. Ave
855,AXA,Port Huron,P.O. Box 528, 5422 Sem Rd.
856,4Life,Sandy Springs,371 Non Rd.
857,Aviva,Orangeburg,5579 Morbi Av.
858,Aviva,Buena Park,P.O. Box 683, 5135 Scelerisque Road
859,4Life,Rutland,131-2669 Lorem St.
860,AXA,Vergennes,P.O. Box 985, 6896 Arcu Road
861,Ergo Hestia,Westfield,P.O. Box 298, 9736 Lorem, St.
862,AXA,Boulder City,P.O. Box 453, 6074 Etiam Av.
863,AXA,West Sacramento,185-555 Quis, Ave
864,Generali,Oklahoma City,719-9827 Et Rd.
865,Generali,Morgan City,P.O. Box 940, 2801 Nec Ave
866,Allianz,Oakland,P.O. Box 483, 2288 Velit St.
867,Generali,Flagstaff,706-3594 Eu Rd.
868,Generali,Pascagoula,Ap #970-1319 Diam. Av.
869,Allianz,Thibodaux,6869 Nisi. Road
870,Allianz,Derby,664-3928 Ullamcorper. Avenue
871,4Life,Fresno,4119 Sed Street
872,Allianz,San Bernardino,Ap #680-4977 Ornare Avenue
873,4Life,Ada,Ap #421-5487 Mauris St.
874,Ergo Hestia,Warner Robins,Ap #149-3899 Luctus Road
875,Generali,Carrollton,4863 Mollis Rd.
876,Allianz,Chicago Heights,P.O. Box 704, 5901 Nunc. St.
877,Allianz,Rohnert Park,Ap #368-5197 Ut, Av.
878,4Life,Manitowoc,P.O. Box 938, 8558 Non Rd.
879,Allianz,Port Orford,P.O. Box 512, 6720 Mauris Av.
880,Ergo Hestia,San Antonio,833-8212 Sed St.
881,AXA,Hollywood,P.O. Box 609, 2568 Vel Avenue
882,Generali,Suffolk,1998 Aliquam Ave
883,Generali,Bessemer,982-9039 Eget Road
884,4Life,San Juan,P.O. Box 175, 9527 Aliquam Ave
885,Link4,Pocatello,Ap #993-8317 Primis Rd.
886,Link4,Hartford,Ap #565-5414 At Ave
887,Generali,Poughkeepsie,Ap #548-4779 Vestibulum Street
888,Link4,Myrtle Beach,516-7698 Elementum Street
889,Ergo Hestia,Mentor,P.O. Box 354, 2788 At, Av.
890,Ergo Hestia,Moscow,4741 Aliquet Avenue
891,Aviva,Fredericksburg,P.O. Box 164, 8523 Duis Av.
892,Link4,Kahului,153-5584 Ornare, Road
893,Link4,Chesapeake,P.O. Box 525, 1659 Eu Avenue
894,Allianz,Kemmerer,7286 Commodo Avenue
895,Ergo Hestia,Farrell,P.O. Box 593, 2918 Urna Rd.
896,AXA,Wheaton,7225 Libero. Road
897,Aviva,Frankfort,Ap #227-5173 Morbi Street
898,AXA,Manassas,P.O. Box 164, 2800 Vel, Av.
899,Generali,Orem,Ap #682-9271 Nec, Ave
900,Allianz,Ephraim,P.O. Box 305, 1477 Dictum Av.
901,AXA,Asbury Park,190-7464 Mauris Rd.
902,AXA,Sturgis,6390 Facilisis. Rd.
903,AXA,Peabody,569-7355 Mauris Avenue
904,4Life,Kokomo,P.O. Box 650, 2610 Magna Street
905,Generali,Caguas,P.O. Box 445, 3369 Mattis Ave
906,4Life,Providence,166-9092 Nam Avenue
907,Allianz,Boulder Junction,P.O. Box 873, 1156 Erat. Road
908,Allianz,Chicopee,P.O. Box 130, 128 A, Rd.
909,Aviva,Racine,670-873 Laoreet, Street
910,Allianz,Ansonia,P.O. Box 919, 3205 Odio Street
911,4Life,West Warwick,Ap #100-4051 Dictum St.
912,Aviva,Tallahassee,553-5157 Cursus Rd.
913,Generali,Duarte,Ap #117-8960 Quam Rd.
914,Aviva,Mankato,Ap #946-8614 Rhoncus Av.
915,Link4,Naperville,P.O. Box 735, 739 Eget, Rd.
916,Aviva,Charleston,P.O. Box 694, 7916 Etiam St.
917,Ergo Hestia,Westminster,586-8340 Ut, Ave
918,Generali,Torrance,P.O. Box 349, 8087 Malesuada Street
919,AXA,Berkeley,P.O. Box 153, 1078 Eu, St.
920,Ergo Hestia,Houma,P.O. Box 660, 5710 Pellentesque, Street
921,AXA,Hopkinsville,Ap #999-9482 Pretium Street
922,Aviva,Allentown,Ap #582-4261 Gravida Avenue
923,AXA,Ketchikan,P.O. Box 877, 8988 Morbi Road
924,4Life,Casper,P.O. Box 675, 7776 Donec Ave
925,Allianz,Inglewood,Ap #778-1702 Volutpat St.
926,Link4,Plymouth,405-5597 Aliquet, Rd.
927,AXA,Hermosa Beach,P.O. Box 572, 7903 Eu Rd.
928,4Life,San Bernardino,P.O. Box 846, 8623 Sollicitudin Rd.
929,Allianz,Normal,3906 Dictum Av.
930,AXA,Hutchinson,862-9270 Felis. Street
931,AXA,Rochester,768-5374 Blandit Rd.
932,Generali,Frankfort,P.O. Box 232, 3221 Nostra, Avenue
933,Link4,Corvallis,7341 Ornare, Rd.
934,4Life,Wheeling,P.O. Box 999, 8550 Feugiat Avenue
935,Allianz,Hialeah,8180 Nec, St.
936,4Life,Narragansett,876-4988 Ligula. Street
937,AXA,Monroe,Ap #629-7280 Est. Rd.
938,Allianz,Salisbury,2286 Sed Av.
939,Allianz,Rutland,959-6025 Dui St.
940,4Life,York,7999 Aliquam Rd.
941,Generali,College Park,4466 At Street
942,AXA,Grass Valley,853-5150 Diam. Road
943,AXA,Methuen,219-5228 Pharetra Street
944,Aviva,Sutter Creek,Ap #308-9400 Enim, Rd.
945,4Life,Clairton,Ap #448-4363 Suspendisse Avenue
946,AXA,Chandler,6236 Sem. Ave
947,Allianz,Harrisburg,2504 Sollicitudin Road
948,Aviva,Rome,P.O. Box 862, 4780 Vulputate, Ave
949,Aviva,Rensselaer,P.O. Box 563, 277 A, Av.
950,4Life,Hornell,3456 Orci. St.
951,Allianz,La Puente,Ap #691-8556 Vel Avenue
952,Ergo Hestia,New Bedford,P.O. Box 984, 1932 Lectus. St.
953,4Life,Olean,8539 Fusce Rd.
954,AXA,Gadsden,P.O. Box 452, 1804 Mollis St.
955,Aviva,Clairton,103-5456 Elit, Street
956,Ergo Hestia,Boston,847-8734 Purus. Avenue
957,4Life,Olympia,953-5001 Diam. Street
958,Link4,Council Bluffs,880-1337 Augue Street
959,Generali,Chino Hills,2832 Tellus Street
960,Allianz,Cedar Falls,599-4835 Pede. Av.
961,Allianz,Hannibal,260-7399 Lorem, Road
962,AXA,Saipan,Ap #285-7655 Et Rd.
963,Generali,Hermitage,P.O. Box 994, 1997 Dui Road
964,Generali,Gastonia,P.O. Box 917, 1382 A Rd.
965,Ergo Hestia,Grand Junction,3975 Ornare Ave
966,Generali,Sandpoint,P.O. Box 467, 5825 Mus. Avenue
967,Generali,Clairton,4941 Dignissim St.
968,Ergo Hestia,San Diego,919-6512 Vitae Av.
969,AXA,Haverhill,P.O. Box 299, 7314 Condimentum Rd.
970,AXA,Boise,1997 Mauris St.
971,Allianz,Saratoga Springs,Ap #459-850 Diam St.
972,Ergo Hestia,Sherrill,P.O. Box 192, 3596 Adipiscing Ave
973,Allianz,Agoura Hills,5487 Natoque Av.
974,Ergo Hestia,Lima,Ap #183-8235 Cum St.
975,Aviva,Fairbanks,P.O. Box 217, 3249 Ridiculus Rd.
976,Link4,Dallas,Ap #635-3377 Felis Ave
977,Generali,Lufkin,P.O. Box 778, 9777 Magna. Rd.
978,4Life,Sister Bay,P.O. Box 886, 6546 Pede, Street
979,Generali,Midwest City,Ap #850-4383 Est Av.
980,Generali,Detroit,675 Ligula. Av.
981,Allianz,Bandon,P.O. Box 802, 7662 Mauris Rd.
982,AXA,Rutland,P.O. Box 819, 7296 Mollis Rd.
983,Link4,Dodge City,P.O. Box 561, 5165 Vel Rd.
984,4Life,Laughlin,4475 Ultrices Rd.
985,Generali,Hornell,8433 Enim Avenue
986,Aviva,Lynchburg,Ap #755-8788 Praesent Ave
987,Allianz,Rancho Palos Verdes,636-6588 Velit. St.
988,Ergo Hestia,Forest Lake,4395 Lobortis Street
989,Ergo Hestia,Starkville,664-247 Eget St.
990,Generali,Davis,P.O. Box 678, 2116 Ligula Ave
991,Allianz,Marietta,178-6603 Nunc, Ave
992,Generali,Easton,P.O. Box 201, 9206 Sagittis Avenue
993,4Life,Butte,Ap #667-7870 Nibh Av.
994,Link4,Lawton,414 Mollis Ave
995,4Life,New York,5018 Sit Rd.
996,Allianz,Cary,788-9766 Faucibus Street
997,Ergo Hestia,Middlebury,Ap #569-1155 Mollis. Rd.
998,Link4,Coral Springs,1919 Sem St.
999,Generali,La Palma,3210 Dapibus Ave
1000,Generali,Las Cruces,P.O. Box 685, 3296 Ut Rd.

